מזהה,סוג,"מק""ט",Name,פורסם,האם מומלץ?,נראות בקטלוג,תיאור קצר,תיאור,תאריך התחלה של מחיר המבצע,תאריך סיום של מחיר המבצע,Tax status,סוג מס,במלאי?,מלאי,כמות של מלאי מועט,לאפשר הזמנות מראש?,נמכר בנפרד?,משקל (kg),אורך (cm),רוחב (cm),גובה (cm),לאפשר חוות דעת של לקוחות?,הערת רכישה,מחיר מבצע,מחיר רגיל,Categories,תגיות,Shipping class,תמונות,הגבלת הורדות,ימים שנותרו לתוקף ההורדה,אב,מוצרים מקובצים,מוצרים משודרגים,מוצרים משלימים,URL חיצוני,טקסט כפתור,מיקום,שיוך 1 שמות,שיוך 1 ערכים,שיוך 1 פריטים מוצגים,שיוך 1 פריטים גלובליים,שיוך 2 שמות,שיוך 2 ערכים,שיוך 2 פריטים מוצגים,שיוך 2 פריטים גלובליים,כלים: _wp_page_template,כלים: _wpml_word_count,כלים: _wpml_media_featured,כלים: _wpml_media_duplicate
9294,simple,413845,סוכריות פנינה ורוד בייבי,1,0,visible,,,,,none,,1,,,0,0,,,,,0,,,15,אפייה ועוגות > סוכריות > סוכריות פנינה,,,https://celebrationbyorel.com/wp-content/uploads/2019/11/ORELOGO.png,,,,,,,,,0,כמות,80 גרם,1,1,גודל,,1,1,default,"{""total"":26,""to_translate"":{""en"":26}}",1,1
9294,simple,413845,סוכריות פנינה ירוק בהיר ,1,0,visible,,,,,none,,1,,,0,0,,,,,0,,,15,אפייה ועוגות > סוכריות > סוכריות פנינה,,,https://celebrationbyorel.com/wp-content/uploads/2019/11/ORELOGO.png,,,,,,,,,0,כמות,81 גרם,1,1,גודל,,1,1,default,"{""total"":26,""to_translate"":{""en"":26}}",1,1
9294,simple,413845,סוכריות פנינה צבעוני,1,0,visible,,,,,none,,1,,,0,0,,,,,0,,,15,אפייה ועוגות > סוכריות > סוכריות פנינה,,,https://celebrationbyorel.com/wp-content/uploads/2019/11/ORELOGO.png,,,,,,,,,0,כמות,82 גרם,1,1,גודל,,1,1,default,"{""total"":26,""to_translate"":{""en"":26}}",1,1
9295,simple,413846,זהב,1,0,visible,,,,,none,,1,,,0,0,,,,,0,,,,אפייה ועוגות > תמציות טעם מלכת הג'לי,,,https://celebrationbyorel.com/wp-content/uploads/2019/11/ORELOGO.png,,,,,,,,,0,כמות,כמות,1,1,גודל,,1,1,default,"{""total"":26,""to_translate"":{""en"":26}}",1,1
9296,simple,413847,צלחות זהב ,1,0,visible,,,,,none,,1,,,0,0,,,,,0,,,17.9,אירוח לכל גיל > זהב,,,https://celebrationbyorel.com/wp-content/uploads/2019/11/ORELOGO.png,,,,,,,,,0,כמות,8יח,1,1,גודל,,1,1,default,"{""total"":26,""to_translate"":{""en"":26}}",1,1
9297,simple,413848,צלחות חמסה זהב,1,0,visible,,,,,none,,1,,,0,0,,,,,0,,,13.9,אירוח לכל גיל > זהב,,,https://celebrationbyorel.com/wp-content/uploads/2019/11/ORELOGO.png,,,,,,,,,0,כמות,10יח,1,1,גודל,,1,1,default,"{""total"":26,""to_translate"":{""en"":26}}",1,1
9298,simple,413849,קשים זהב,1,0,visible,,,,,none,,1,,,0,0,,,,,0,,,7,אירוח לכל גיל > זהב,,,https://celebrationbyorel.com/wp-content/uploads/2019/11/ORELOGO.png,,,,,,,,,0,כמות,12יח,1,1,גודל,,1,1,default,"{""total"":26,""to_translate"":{""en"":26}}",1,1
9299,simple,413850,קשים זהב עם פרנזים,1,0,visible,,,,,none,,1,,,0,0,,,,,0,,,12.9,אירוח לכל גיל > זהב,,,https://celebrationbyorel.com/wp-content/uploads/2019/11/ORELOGO.png,,,,,,,,,0,כמות,12יח,1,1,גודל,,1,1,default,"{""total"":26,""to_translate"":{""en"":26}}",1,1
9300,simple,413851,קופסאות פופקורן,1,0,visible,,,,,none,,1,,,0,0,,,,,0,,,13.9,אירוח לכל גיל > זהב,,,https://celebrationbyorel.com/wp-content/uploads/2019/11/ORELOGO.png,,,,,,,,,0,כמות,6יח,1,1,גודל,,1,1,default,"{""total"":26,""to_translate"":{""en"":26}}",1,1
9301,simple,413852,מפיות קוקטייל HP מוטבע זהב על לבן,1,0,visible,,,,,none,,1,,,0,0,,,,,0,,,17.9,אירוח לכל גיל > זהב,,,https://celebrationbyorel.com/wp-content/uploads/2019/11/ORELOGO.png,,,,,,,,,0,כמות,20יח,1,1,גודל,,1,1,default,"{""total"":26,""to_translate"":{""en"":26}}",1,1
9302,simple,413853,בר מצווה,1,0,visible,,,,,none,,1,,,0,0,,,,,0,,,,,,,https://celebrationbyorel.com/wp-content/uploads/2019/11/ORELOGO.png,,,,,,,,,0,כמות,כמות,1,1,גודל,,1,1,default,"{""total"":26,""to_translate"":{""en"":26}}",1,1
9303,simple,413854,צלחות תכלת לבן עם ספרה 13,1,0,visible,,,,,none,,1,,,0,0,,,,,0,,,14.9,אירוח לכל גיל > בר מצווה,,,https://celebrationbyorel.com/wp-content/uploads/2019/11/ORELOGO.png,,,,,,,,,0,כמות,8יח,1,1,גודל,,1,1,default,"{""total"":26,""to_translate"":{""en"":26}}",1,1
9304,simple,413855,שקיות קרטון תכלת לבן עם ספרה 13,1,0,visible,,,,,none,,1,,,0,0,,,,,0,,,11.9,אירוח לכל גיל > בר מצווה,,,https://celebrationbyorel.com/wp-content/uploads/2019/11/ORELOGO.png,,,,,,,,,0,כמות,6יח,1,1,גודל,,1,1,default,"{""total"":26,""to_translate"":{""en"":26}}",1,1
9305,simple,413856,כוסות תכלת לבן עם ספרה 13 ,1,0,visible,,,,,none,,1,,,0,0,,,,,0,,,11,אירוח לכל גיל > בר מצווה,,,https://celebrationbyorel.com/wp-content/uploads/2019/11/ORELOGO.png,,,,,,,,,0,כמות,8יח,1,1,גודל,,1,1,default,"{""total"":26,""to_translate"":{""en"":26}}",1,1
9306,simple,413857,ספרה 13 כחול נצנצים על מקלות,1,0,visible,,,,,none,,1,,,0,0,,,,,0,,,12,אירוח לכל גיל > בר מצווה,,,https://celebrationbyorel.com/wp-content/uploads/2019/11/ORELOGO.png,,,,,,,,,0,כמות,5יח,1,1,גודל,,1,1,default,"{""total"":26,""to_translate"":{""en"":26}}",1,1
9307,simple,413858,ספרה 13 זהב נצנצים על מקלות,1,0,visible,,,,,none,,1,,,0,0,,,,,0,,,12,אירוח לכל גיל > בר מצווה,,,https://celebrationbyorel.com/wp-content/uploads/2019/11/ORELOGO.png,,,,,,,,,0,כמות,5יח,1,1,גודל,,1,1,default,"{""total"":26,""to_translate"":{""en"":26}}",1,1
9308,simple,413859,ספרה 13 קלקר כסף נצנצים,1,0,visible,,,,,none,,1,,,0,0,,,,,0,,,5,אירוח לכל גיל > בר מצווה,,,https://celebrationbyorel.com/wp-content/uploads/2019/11/ORELOGO.png,,,,,,,,,0,כמות,1,1,1,גודל,,1,1,default,"{""total"":26,""to_translate"":{""en"":26}}",1,1
9309,simple,413860,ספרה 13 קלקר זהב נצנצים,1,0,visible,,,,,none,,1,,,0,0,,,,,0,,,5,אירוח לכל גיל > בר מצווה,,,https://celebrationbyorel.com/wp-content/uploads/2019/11/ORELOGO.png,,,,,,,,,0,כמות,1,1,1,גודל,,1,1,default,"{""total"":26,""to_translate"":{""en"":26}}",1,1
9310,simple,413861,טופרים ספר תורה עם ספרה 13 ,1,0,visible,,,,,none,,1,,,0,0,,,,,0,,,8.9,אירוח לכל גיל > בר מצווה,,,https://celebrationbyorel.com/wp-content/uploads/2019/11/ORELOGO.png,,,,,,,,,0,כמות,24יח,1,1,גודל,,1,1,default,"{""total"":26,""to_translate"":{""en"":26}}",1,1
9311,simple,413862,בת מצווה,1,0,visible,,,,,none,,1,,,0,0,,,,,0,,,,,,,https://celebrationbyorel.com/wp-content/uploads/2019/11/ORELOGO.png,,,,,,,,,0,כמות,כמות,1,1,גודל,,1,1,default,"{""total"":26,""to_translate"":{""en"":26}}",1,1
9312,simple,413863,צלחות ורודות עם ספרה 12 בצורת ברבור,1,0,visible,,,,,none,,1,,,0,0,,,,,0,,,17.9,אירוח לכל גיל > בת מצווה,,,https://celebrationbyorel.com/wp-content/uploads/2019/11/ORELOGO.png,,,,,,,,,0,כמות,8יח,1,1,גודל,,1,1,default,"{""total"":26,""to_translate"":{""en"":26}}",1,1
9313,simple,413864,כוסות ורודות עם כתרים זהב,1,0,visible,,,,,none,,1,,,0,0,,,,,0,,,12.9,אירוח לכל גיל > בת מצווה,,,https://celebrationbyorel.com/wp-content/uploads/2019/11/ORELOGO.png,,,,,,,,,0,כמות,8יח,1,1,גודל,,1,1,default,"{""total"":26,""to_translate"":{""en"":26}}",1,1
9314,simple,413865,קופסאות פופקורן ורודות עם ספרה 12 ,1,0,visible,,,,,none,,1,,,0,0,,,,,0,,,15.5,אירוח לכל גיל > בת מצווה,,,https://celebrationbyorel.com/wp-content/uploads/2019/11/ORELOGO.png,,,,,,,,,0,כמות,8יח,1,1,גודל,,1,1,default,"{""total"":26,""to_translate"":{""en"":26}}",1,1
9315,simple,413866,שקיות קרטון ורודות ספרה 12 וכתרים זהב,1,0,visible,,,,,none,,1,,,0,0,,,,,0,,,11.9,אירוח לכל גיל > בת מצווה,,,https://celebrationbyorel.com/wp-content/uploads/2019/11/ORELOGO.png,,,,,,,,,0,כמות,6יח,1,1,גודל,,1,1,default,"{""total"":26,""to_translate"":{""en"":26}}",1,1
9316,simple,413867,ספרה 12 ורוד נצנצים על מקלות ,1,0,visible,,,,,none,,1,,,0,0,,,,,0,,,12,אירוח לכל גיל > בת מצווה,,,https://celebrationbyorel.com/wp-content/uploads/2019/11/ORELOGO.png,,,,,,,,,0,כמות,5יח,1,1,גודל,,1,1,default,"{""total"":26,""to_translate"":{""en"":26}}",1,1
9317,simple,413868,ספרה 12 כסף נצנצים על מקלות ,1,0,visible,,,,,none,,1,,,0,0,,,,,0,,,12,אירוח לכל גיל > בת מצווה,,,https://celebrationbyorel.com/wp-content/uploads/2019/11/ORELOGO.png,,,,,,,,,0,כמות,5יח,1,1,גודל,,1,1,default,"{""total"":26,""to_translate"":{""en"":26}}",1,1
9318,simple,413869,ספרה 12 ורוד נצנצים מקלקר ,1,0,visible,,,,,none,,1,,,0,0,,,,,0,,,5,אירוח לכל גיל > בת מצווה,,,https://celebrationbyorel.com/wp-content/uploads/2019/11/ORELOGO.png,,,,,,,,,0,כמות,1,1,1,גודל,,1,1,default,"{""total"":26,""to_translate"":{""en"":26}}",1,1
9319,simple,413870,טופרים ספרה 12 ורוד,1,0,visible,,,,,none,,1,,,0,0,,,,,0,,,8.9,אירוח לכל גיל > בת מצווה,,,https://celebrationbyorel.com/wp-content/uploads/2019/11/ORELOGO.png,,,,,,,,,0,כמות,24יח,1,1,גודל,,1,1,default,"{""total"":26,""to_translate"":{""en"":26}}",1,1
9320,simple,413871,טופרים ספרה 12 בצורת ברבור לבן זהב ,1,0,visible,,,,,none,,1,,,0,0,,,,,0,,,11.9,אירוח לכל גיל > בת מצווה,,,https://celebrationbyorel.com/wp-content/uploads/2019/11/ORELOGO.png,,,,,,,,,0,כמות,12יח,1,1,גודל,,1,1,default,"{""total"":26,""to_translate"":{""en"":26}}",1,1
9321,simple,413872,גיוס קל ונעים,1,0,visible,,,,,none,,1,,,0,0,,,,,0,,,מחיר,,,,https://celebrationbyorel.com/wp-content/uploads/2019/11/ORELOGO.png,,,,,,,,,0,כמות,כמות,1,1,גודל,,1,1,default,"{""total"":26,""to_translate"":{""en"":26}}",1,1
9322,simple,413873,מפיות גיוס קל,1,0,visible,,,,,none,,1,,,0,0,,,,,0,,,10,אירוח לכל גיל > גיוס קל ונעים,,,https://celebrationbyorel.com/wp-content/uploads/2019/11/ORELOGO.png,,,,,,,,,0,כמות,20,1,1,גודל,33*33,1,1,default,"{""total"":26,""to_translate"":{""en"":26}}",1,1
9323,simple,413874,צלחות צבאי גיוס נעים,1,0,visible,,,,,none,,1,,,0,0,,,,,0,,,18,אירוח לכל גיל > גיוס קל ונעים,,,https://celebrationbyorel.com/wp-content/uploads/2019/11/ORELOGO.png,,,,,,,,,0,כמות,8יח,1,1,גודל,,1,1,default,"{""total"":26,""to_translate"":{""en"":26}}",1,1
9324,simple,413875,טופרים גיוס נעים,1,0,visible,,,,,none,,1,,,0,0,,,,,0,,,11.9,אירוח לכל גיל > גיוס קל ונעים,,,https://celebrationbyorel.com/wp-content/uploads/2019/11/ORELOGO.png,,,,,,,,,0,כמות,12יח,1,1,גודל,,1,1,default,"{""total"":26,""to_translate"":{""en"":26}}",1,1
9325,simple,413876,שלט גיוס קל,1,0,visible,,,,,none,,1,,,0,0,,,,,0,,,6,אירוח לכל גיל > גיוס קל ונעים,,,https://celebrationbyorel.com/wp-content/uploads/2019/11/ORELOGO.png,,,,,,,,,0,כמות,1,1,1,גודל,,1,1,default,"{""total"":26,""to_translate"":{""en"":26}}",1,1
9326,simple,413877,בצק סוכר ,1,0,visible,,,,,none,,1,,,0,0,,,,,0,,,23,אירוח לכל גיל > גיוס קל ונעים,,,https://celebrationbyorel.com/wp-content/uploads/2019/11/ORELOGO.png,,,,,,,,,0,כמות,1,1,1,גודל,,1,1,default,"{""total"":26,""to_translate"":{""en"":26}}",1,1
9327,simple,413878,בצק סוכר כחול,1,0,visible,,,,,none,,1,,,0,0,,,,,0,,,9,אירוח לכל גיל > גיוס קל ונעים,,,https://celebrationbyorel.com/wp-content/uploads/2019/11/ORELOGO.png,,,,,,,,,0,כמות,150גרם,1,1,גודל,,1,1,default,"{""total"":26,""to_translate"":{""en"":26}}",1,1
9328,simple,413879,בצק סוכר ירוק,1,0,visible,,,,,none,,1,,,0,0,,,,,0,,,9,אירוח לכל גיל > גיוס קל ונעים,,,https://celebrationbyorel.com/wp-content/uploads/2019/11/ORELOGO.png,,,,,,,,,0,כמות,150גרם,1,1,גודל,,1,1,default,"{""total"":26,""to_translate"":{""en"":26}}",1,1
9329,simple,413880,בצק סוכר צהוב,1,0,visible,,,,,none,,1,,,0,0,,,,,0,,,9,אירוח לכל גיל > גיוס קל ונעים,,,https://celebrationbyorel.com/wp-content/uploads/2019/11/ORELOGO.png,,,,,,,,,0,כמות,150גרם,1,1,גודל,,1,1,default,"{""total"":26,""to_translate"":{""en"":26}}",1,1
9330,simple,413881,בצק סוכר אדום,1,0,visible,,,,,none,,1,,,0,0,,,,,0,,,9,אירוח לכל גיל > גיוס קל ונעים,,,https://celebrationbyorel.com/wp-content/uploads/2019/11/ORELOGO.png,,,,,,,,,0,כמות,150גרם,1,1,גודל,,1,1,default,"{""total"":26,""to_translate"":{""en"":26}}",1,1
9331,simple,413882,בצק סוכר ורוד,1,0,visible,,,,,none,,1,,,0,0,,,,,0,,,9,אירוח לכל גיל > גיוס קל ונעים,,,https://celebrationbyorel.com/wp-content/uploads/2019/11/ORELOGO.png,,,,,,,,,0,כמות,150גרם,1,1,גודל,,1,1,default,"{""total"":26,""to_translate"":{""en"":26}}",1,1
9332,simple,413883,בצק סוכר שחור,1,0,visible,,,,,none,,1,,,0,0,,,,,0,,,9,אירוח לכל גיל > גיוס קל ונעים,,,https://celebrationbyorel.com/wp-content/uploads/2019/11/ORELOGO.png,,,,,,,,,0,כמות,150גרם,1,1,גודל,,1,1,default,"{""total"":26,""to_translate"":{""en"":26}}",1,1
9333,simple,413884,בצק סוכר לבן,1,0,visible,,,,,none,,1,,,0,0,,,,,0,,,13,אירוח לכל גיל > גיוס קל ונעים,,,https://celebrationbyorel.com/wp-content/uploads/2019/11/ORELOGO.png,,,,,,,,,0,כמות,250גרם,1,1,גודל,,1,1,default,"{""total"":26,""to_translate"":{""en"":26}}",1,1
9334,simple,413885,בצק סוכר לבן,1,0,visible,,,,,none,,1,,,0,0,,,,,0,,,25,אירוח לכל גיל > גיוס קל ונעים,,,https://celebrationbyorel.com/wp-content/uploads/2019/11/ORELOGO.png,,,,,,,,,0,כמות,600גרם,1,1,גודל,,1,1,default,"{""total"":26,""to_translate"":{""en"":26}}",1,1
9335,simple,413886,בצק סוכר לבן ,1,0,visible,,,,,none,,1,,,0,0,,,,,0,,,31,אירוח לכל גיל > גיוס קל ונעים,,,https://celebrationbyorel.com/wp-content/uploads/2019/11/ORELOGO.png,,,,,,,,,0,כמות,1קילו,1,1,גודל,,1,1,default,"{""total"":26,""to_translate"":{""en"":26}}",1,1
9336,simple,413887,תערובת להכנת מרנג,1,0,visible,,,,,none,,1,,,0,0,,,,,0,,,25,אירוח לכל גיל > גיוס קל ונעים,,,https://celebrationbyorel.com/wp-content/uploads/2019/11/ORELOGO.png,,,,,,,,,0,כמות,100גרם,1,1,גודל,,1,1,default,"{""total"":26,""to_translate"":{""en"":26}}",1,1
9337,simple,413888,חבילת מרציפן צבעוני,1,0,visible,,,,,none,,1,,,0,0,,,,,0,,,16,אירוח לכל גיל > גיוס קל ונעים,,,https://celebrationbyorel.com/wp-content/uploads/2019/11/ORELOGO.png,,,,,,,,,0,כמות,,1,1,גודל,,1,1,default,"{""total"":26,""to_translate"":{""en"":26}}",1,1
9338,simple,413889,חבילת מרציפן,1,0,visible,,,,,none,,1,,,0,0,,,,,0,,,79,אירוח לכל גיל > גיוס קל ונעים,,,https://celebrationbyorel.com/wp-content/uploads/2019/11/ORELOGO.png,,,,,,,,,0,כמות,1קילו,1,1,גודל,,1,1,default,"{""total"":26,""to_translate"":{""en"":26}}",1,1
9339,simple,413890,בהצלחה לחייל מבצק סוכר,1,0,visible,,,,,none,,1,,,0,0,,,,,0,,,23,אירוח לכל גיל > גיוס קל ונעים,,,https://celebrationbyorel.com/wp-content/uploads/2019/11/ORELOGO.png,,,,,,,,,0,כמות,,1,1,גודל,,1,1,default,"{""total"":26,""to_translate"":{""en"":26}}",1,1
9340,simple,413891,בהצלחה לחיילת מבצק סוכר,1,0,visible,,,,,none,,1,,,0,0,,,,,0,,,23,אירוח לכל גיל > גיוס קל ונעים,,,https://celebrationbyorel.com/wp-content/uploads/2019/11/ORELOGO.png,,,,,,,,,0,כמות,,1,1,גודל,,1,1,default,"{""total"":26,""to_translate"":{""en"":26}}",1,1
9341,simple,413892,שלט עגול מזל טוב מבצק סוכר- כחול,1,0,visible,,,,,none,,1,,,0,0,,,,,0,,,23,אירוח לכל גיל > גיוס קל ונעים,,,https://celebrationbyorel.com/wp-content/uploads/2019/11/ORELOGO.png,,,,,,,,,0,כמות,,1,1,גודל,,1,1,default,"{""total"":26,""to_translate"":{""en"":26}}",1,1
9342,simple,413893,שלט עגול מזל טוב מבצק סוכר- ורוד,1,0,visible,,,,,none,,1,,,0,0,,,,,0,,,23,אירוח לכל גיל > גיוס קל ונעים,,,https://celebrationbyorel.com/wp-content/uploads/2019/11/ORELOGO.png,,,,,,,,,0,כמות,,1,1,גודל,,1,1,default,"{""total"":26,""to_translate"":{""en"":26}}",1,1
9343,simple,413894,שלט מרובע יום הולדת שמח מבצק סוכר-כחול,1,0,visible,,,,,none,,1,,,0,0,,,,,0,,,23,אירוח לכל גיל > גיוס קל ונעים,,,https://celebrationbyorel.com/wp-content/uploads/2019/11/ORELOGO.png,,,,,,,,,0,כמות,,1,1,גודל,,1,1,default,"{""total"":26,""to_translate"":{""en"":26}}",1,1
9344,simple,413895,שלט מרובע יום הולדת שמח מבצק סוכר-ורוד,1,0,visible,,,,,none,,1,,,0,0,,,,,0,,,23,אירוח לכל גיל > גיוס קל ונעים,,,https://celebrationbyorel.com/wp-content/uploads/2019/11/ORELOGO.png,,,,,,,,,0,כמות,,1,1,גודל,,1,1,default,"{""total"":26,""to_translate"":{""en"":26}}",1,1
9345,simple,413896,שלט יום הולדת שמח מבצק סוכר-כחול,1,0,visible,,,,,none,,1,,,0,0,,,,,0,,,18,אירוח לכל גיל > גיוס קל ונעים,,,https://celebrationbyorel.com/wp-content/uploads/2019/11/ORELOGO.png,,,,,,,,,0,כמות,,1,1,גודל,,1,1,default,"{""total"":26,""to_translate"":{""en"":26}}",1,1
9346,simple,413897,שלט יום הולדת שמח מבצק סוכר-ורוד,1,0,visible,,,,,none,,1,,,0,0,,,,,0,,,18,אירוח לכל גיל > גיוס קל ונעים,,,https://celebrationbyorel.com/wp-content/uploads/2019/11/ORELOGO.png,,,,,,,,,0,כמות,,1,1,גודל,,1,1,default,"{""total"":26,""to_translate"":{""en"":26}}",1,1
9347,simple,413898,שלט מזל טוב מבצק סוכר-כחול,1,0,visible,,,,,none,,1,,,0,0,,,,,0,,,18,אירוח לכל גיל > גיוס קל ונעים,,,https://celebrationbyorel.com/wp-content/uploads/2019/11/ORELOGO.png,,,,,,,,,0,כמות,,1,1,גודל,,1,1,default,"{""total"":26,""to_translate"":{""en"":26}}",1,1
9348,simple,413899,שלט מזל טוב מבצק סוכר-ורוד,1,0,visible,,,,,none,,1,,,0,0,,,,,0,,,18,אירוח לכל גיל > גיוס קל ונעים,,,https://celebrationbyorel.com/wp-content/uploads/2019/11/ORELOGO.png,,,,,,,,,0,כמות,,1,1,גודל,,1,1,default,"{""total"":26,""to_translate"":{""en"":26}}",1,1
9349,simple,413900,יום הולדת שמח-צבעוני מבצק סוכר,1,0,visible,,,,,none,,1,,,0,0,,,,,0,,,25,אירוח לכל גיל > גיוס קל ונעים,,,https://celebrationbyorel.com/wp-content/uploads/2019/11/ORELOGO.png,,,,,,,,,0,כמות,,1,1,גודל,,1,1,default,"{""total"":26,""to_translate"":{""en"":26}}",1,1
9350,simple,413901,יום הולדת שמח- כחול מבצק סוכר,1,0,visible,,,,,none,,1,,,0,0,,,,,0,,,25,אירוח לכל גיל > גיוס קל ונעים,,,https://celebrationbyorel.com/wp-content/uploads/2019/11/ORELOGO.png,,,,,,,,,0,כמות,,1,1,גודל,,1,1,default,"{""total"":26,""to_translate"":{""en"":26}}",1,1
9351,simple,413902,יום הולדת שמח- ורוד מבצק סוכר,1,0,visible,,,,,none,,1,,,0,0,,,,,0,,,25,אירוח לכל גיל > גיוס קל ונעים,,,https://celebrationbyorel.com/wp-content/uploads/2019/11/ORELOGO.png,,,,,,,,,0,כמות,,1,1,גודל,,1,1,default,"{""total"":26,""to_translate"":{""en"":26}}",1,1
9352,simple,413903,מזל טוב- ורוד מבצק סוכר,1,0,visible,,,,,none,,1,,,0,0,,,,,0,,,25,אירוח לכל גיל > גיוס קל ונעים,,,https://celebrationbyorel.com/wp-content/uploads/2019/11/ORELOGO.png,,,,,,,,,0,כמות,,1,1,גודל,,1,1,default,"{""total"":26,""to_translate"":{""en"":26}}",1,1
9353,simple,413904,מזל טוב- כחול מבצק סוכר,1,0,visible,,,,,none,,1,,,0,0,,,,,0,,,25,אירוח לכל גיל > גיוס קל ונעים,,,https://celebrationbyorel.com/wp-content/uploads/2019/11/ORELOGO.png,,,,,,,,,0,כמות,,1,1,גודל,,1,1,default,"{""total"":26,""to_translate"":{""en"":26}}",1,1
9354,simple,413905,אלף נשיקות בצורת לב מבצק סוכר,1,0,visible,,,,,none,,1,,,0,0,,,,,0,,,23,אירוח לכל גיל > גיוס קל ונעים,,,https://celebrationbyorel.com/wp-content/uploads/2019/11/ORELOGO.png,,,,,,,,,0,כמות,,1,1,גודל,,1,1,default,"{""total"":26,""to_translate"":{""en"":26}}",1,1
9355,simple,413906,דמויות וצורות מבצק סוכר,1,0,visible,,,,,none,,1,,,0,0,,,,,0,,,,אירוח לכל גיל > גיוס קל ונעים,,,https://celebrationbyorel.com/wp-content/uploads/2019/11/ORELOGO.png,,,,,,,,,0,כמות,,1,1,גודל,,1,1,default,"{""total"":26,""to_translate"":{""en"":26}}",1,1
9356,simple,413907,חד קרן מבצק סוכר,1,0,visible,,,,,none,,1,,,0,0,,,,,0,,,32,אירוח לכל גיל > גיוס קל ונעים,,,https://celebrationbyorel.com/wp-content/uploads/2019/11/ORELOGO.png,,,,,,,,,0,כמות,,1,1,גודל,,1,1,default,"{""total"":26,""to_translate"":{""en"":26}}",1,1
9357,simple,413908,ערכת חד קרן מבצק סוכר,1,0,visible,,,,,none,,1,,,0,0,,,,,0,,,39,אירוח לכל גיל > גיוס קל ונעים,,,https://celebrationbyorel.com/wp-content/uploads/2019/11/ORELOGO.png,,,,,,,,,0,כמות,,1,1,גודל,,1,1,default,"{""total"":26,""to_translate"":{""en"":26}}",1,1
9358,simple,413909,כדורגל מבצק סוכר,1,0,visible,,,,,none,,1,,,0,0,,,,,0,,,29,אירוח לכל גיל > גיוס קל ונעים,,,https://celebrationbyorel.com/wp-content/uploads/2019/11/ORELOGO.png,,,,,,,,,0,כמות,,1,1,גודל,,1,1,default,"{""total"":26,""to_translate"":{""en"":26}}",1,1
9359,simple,413910,כדורסל מבצק סוכר,1,0,visible,,,,,none,,1,,,0,0,,,,,0,,,29,אירוח לכל גיל > גיוס קל ונעים,,,https://celebrationbyorel.com/wp-content/uploads/2019/11/ORELOGO.png,,,,,,,,,0,כמות,,1,1,גודל,,1,1,default,"{""total"":26,""to_translate"":{""en"":26}}",1,1
9360,simple,413911,נעלי כדורגל מבצק סוכר,1,0,visible,,,,,none,,1,,,0,0,,,,,0,,,32,אירוח לכל גיל > גיוס קל ונעים,,,https://celebrationbyorel.com/wp-content/uploads/2019/11/ORELOGO.png,,,,,,,,,0,כמות,,1,1,גודל,,1,1,default,"{""total"":26,""to_translate"":{""en"":26}}",1,1
9361,simple,413912,שבת שלום עם נרות מבצק סוכר,1,0,visible,,,,,none,,1,,,0,0,,,,,0,,,23,אירוח לכל גיל > גיוס קל ונעים,,,https://celebrationbyorel.com/wp-content/uploads/2019/11/ORELOGO.png,,,,,,,,,0,כמות,,1,1,גודל,,1,1,default,"{""total"":26,""to_translate"":{""en"":26}}",1,1
9362,simple,413913,לגו צבעוני מבצק סוכר,1,0,visible,,,,,none,,1,,,0,0,,,,,0,,,22,אירוח לכל גיל > גיוס קל ונעים,,,https://celebrationbyorel.com/wp-content/uploads/2019/11/ORELOGO.png,,,,,,,,,0,כמות,,1,1,גודל,,1,1,default,"{""total"":26,""to_translate"":{""en"":26}}",1,1
9363,simple,413914,אביזרי איפור מבצק סוכר,1,0,visible,,,,,none,,1,,,0,0,,,,,0,,,32,אירוח לכל גיל > גיוס קל ונעים,,,https://celebrationbyorel.com/wp-content/uploads/2019/11/ORELOGO.png,,,,,,,,,0,כמות,,1,1,גודל,,1,1,default,"{""total"":26,""to_translate"":{""en"":26}}",1,1
9364,simple,413915,כלה עם שיער חום מבצק סוכר,1,0,visible,,,,,none,,1,,,0,0,,,,,0,,,32,אירוח לכל גיל > גיוס קל ונעים,,,https://celebrationbyorel.com/wp-content/uploads/2019/11/ORELOGO.png,,,,,,,,,0,כמות,,1,1,גודל,,1,1,default,"{""total"":26,""to_translate"":{""en"":26}}",1,1
9365,simple,413916,כלה עם שיער צהוב מבצק סוכר,1,0,visible,,,,,none,,1,,,0,0,,,,,0,,,32,אירוח לכל גיל > גיוס קל ונעים,,,https://celebrationbyorel.com/wp-content/uploads/2019/11/ORELOGO.png,,,,,,,,,0,כמות,,1,1,גודל,,1,1,default,"{""total"":26,""to_translate"":{""en"":26}}",1,1
9366,simple,413917,חתן מבצק סוכר,1,0,visible,,,,,none,,1,,,0,0,,,,,0,,,29,אירוח לכל גיל > גיוס קל ונעים,,,https://celebrationbyorel.com/wp-content/uploads/2019/11/ORELOGO.png,,,,,,,,,0,כמות,,1,1,גודל,,1,1,default,"{""total"":26,""to_translate"":{""en"":26}}",1,1
9367,simple,413918,תינוק מבצק סוכר,1,0,visible,,,,,none,,1,,,0,0,,,,,0,,,22,אירוח לכל גיל > גיוס קל ונעים,,,https://celebrationbyorel.com/wp-content/uploads/2019/11/ORELOGO.png,,,,,,,,,0,כמות,,1,1,גודל,,1,1,default,"{""total"":26,""to_translate"":{""en"":26}}",1,1
9368,simple,413919,תינוקת מבצק סוכר,1,0,visible,,,,,none,,1,,,0,0,,,,,0,,,22,אירוח לכל גיל > גיוס קל ונעים,,,https://celebrationbyorel.com/wp-content/uploads/2019/11/ORELOGO.png,,,,,,,,,0,כמות,,1,1,גודל,,1,1,default,"{""total"":26,""to_translate"":{""en"":26}}",1,1
9369,simple,413920,בת הים מבצק סוכר,1,0,visible,,,,,none,,1,,,0,0,,,,,0,,,29,אירוח לכל גיל > גיוס קל ונעים,,,https://celebrationbyorel.com/wp-content/uploads/2019/11/ORELOGO.png,,,,,,,,,0,כמות,,1,1,גודל,,1,1,default,"{""total"":26,""to_translate"":{""en"":26}}",1,1
9370,simple,413921,פלמנגו מבצק סוכר,1,0,visible,,,,,none,,1,,,0,0,,,,,0,,,32,אירוח לכל גיל > גיוס קל ונעים,,,https://celebrationbyorel.com/wp-content/uploads/2019/11/ORELOGO.png,,,,,,,,,0,כמות,,1,1,גודל,,1,1,default,"{""total"":26,""to_translate"":{""en"":26}}",1,1
9371,simple,413922,לאמה מבצק סוכר,1,0,visible,,,,,none,,1,,,0,0,,,,,0,,,32,אירוח לכל גיל > גיוס קל ונעים,,,https://celebrationbyorel.com/wp-content/uploads/2019/11/ORELOGO.png,,,,,,,,,0,כמות,,1,1,גודל,,1,1,default,"{""total"":26,""to_translate"":{""en"":26}}",1,1
9372,simple,413923,אריה מבצק סוכר,1,0,visible,,,,,none,,1,,,0,0,,,,,0,,,22,אירוח לכל גיל > גיוס קל ונעים,,,https://celebrationbyorel.com/wp-content/uploads/2019/11/ORELOGO.png,,,,,,,,,0,כמות,,1,1,גודל,,1,1,default,"{""total"":26,""to_translate"":{""en"":26}}",1,1
9373,simple,413924,ג'ירף צהוב מבצק סוכר,1,0,visible,,,,,none,,1,,,0,0,,,,,0,,,22,אירוח לכל גיל > גיוס קל ונעים,,,https://celebrationbyorel.com/wp-content/uploads/2019/11/ORELOGO.png,,,,,,,,,0,כמות,,1,1,גודל,,1,1,default,"{""total"":26,""to_translate"":{""en"":26}}",1,1
9374,simple,413925,ג'ירף כתום מבצק סוכר,1,0,visible,,,,,none,,1,,,0,0,,,,,0,,,22,אירוח לכל גיל > גיוס קל ונעים,,,https://celebrationbyorel.com/wp-content/uploads/2019/11/ORELOGO.png,,,,,,,,,0,כמות,,1,1,גודל,,1,1,default,"{""total"":26,""to_translate"":{""en"":26}}",1,1
9375,simple,413926,פיל אפור מבצק סוכר,1,0,visible,,,,,none,,1,,,0,0,,,,,0,,,22,אירוח לכל גיל > גיוס קל ונעים,,,https://celebrationbyorel.com/wp-content/uploads/2019/11/ORELOGO.png,,,,,,,,,0,כמות,,1,1,גודל,,1,1,default,"{""total"":26,""to_translate"":{""en"":26}}",1,1
9376,simple,413927,פיל כחול מבצק סוכר,1,0,visible,,,,,none,,1,,,0,0,,,,,0,,,22,אירוח לכל גיל > גיוס קל ונעים,,,https://celebrationbyorel.com/wp-content/uploads/2019/11/ORELOGO.png,,,,,,,,,0,כמות,,1,1,גודל,,1,1,default,"{""total"":26,""to_translate"":{""en"":26}}",1,1
9377,simple,413928,ארנב לבן מבצק סוכר,1,0,visible,,,,,none,,1,,,0,0,,,,,0,,,22,אירוח לכל גיל > גיוס קל ונעים,,,https://celebrationbyorel.com/wp-content/uploads/2019/11/ORELOGO.png,,,,,,,,,0,כמות,,1,1,גודל,,1,1,default,"{""total"":26,""to_translate"":{""en"":26}}",1,1
9378,simple,413929,ארנב ורוד מבצק סוכר,1,0,visible,,,,,none,,1,,,0,0,,,,,0,,,22,אירוח לכל גיל > גיוס קל ונעים,,,https://celebrationbyorel.com/wp-content/uploads/2019/11/ORELOGO.png,,,,,,,,,0,כמות,,1,1,גודל,,1,1,default,"{""total"":26,""to_translate"":{""en"":26}}",1,1
9379,simple,413930,קוף מבצק סוכר,1,0,visible,,,,,none,,1,,,0,0,,,,,0,,,22,אירוח לכל גיל > גיוס קל ונעים,,,https://celebrationbyorel.com/wp-content/uploads/2019/11/ORELOGO.png,,,,,,,,,0,כמות,,1,1,גודל,,1,1,default,"{""total"":26,""to_translate"":{""en"":26}}",1,1
9380,simple,413931,חתול לבן מבצק סוכר,1,0,visible,,,,,none,,1,,,0,0,,,,,0,,,22,אירוח לכל גיל > גיוס קל ונעים,,,https://celebrationbyorel.com/wp-content/uploads/2019/11/ORELOGO.png,,,,,,,,,0,כמות,,1,1,גודל,,1,1,default,"{""total"":26,""to_translate"":{""en"":26}}",1,1
9381,simple,413932,חתול אפור מבצק סוכר,1,0,visible,,,,,none,,1,,,0,0,,,,,0,,,22,אירוח לכל גיל > גיוס קל ונעים,,,https://celebrationbyorel.com/wp-content/uploads/2019/11/ORELOGO.png,,,,,,,,,0,כמות,,1,1,גודל,,1,1,default,"{""total"":26,""to_translate"":{""en"":26}}",1,1
9382,simple,413933,פרפרים מבצק סוכר,1,0,visible,,,,,none,,1,,,0,0,,,,,0,,,22,אירוח לכל גיל > גיוס קל ונעים,,,https://celebrationbyorel.com/wp-content/uploads/2019/11/ORELOGO.png,,,,,,,,,0,כמות,,1,1,גודל,,1,1,default,"{""total"":26,""to_translate"":{""en"":26}}",1,1
9383,simple,413934,שושנים ורודים מבצק סוכר,1,0,visible,,,,,none,,1,,,0,0,,,,,0,,,22,אירוח לכל גיל > גיוס קל ונעים,,,https://celebrationbyorel.com/wp-content/uploads/2019/11/ORELOGO.png,,,,,,,,,0,כמות,,1,1,גודל,,1,1,default,"{""total"":26,""to_translate"":{""en"":26}}",1,1
9384,simple,413935,שושנים אדומים מבצק סוכר,1,0,visible,,,,,none,,1,,,0,0,,,,,0,,,22,אירוח לכל גיל > גיוס קל ונעים,,,https://celebrationbyorel.com/wp-content/uploads/2019/11/ORELOGO.png,,,,,,,,,0,כמות,,1,1,גודל,,1,1,default,"{""total"":26,""to_translate"":{""en"":26}}",1,1
9385,simple,413936,שושנים סגולות מבצק סוכר,1,0,visible,,,,,none,,1,,,0,0,,,,,0,,,22,אירוח לכל גיל > גיוס קל ונעים,,,https://celebrationbyorel.com/wp-content/uploads/2019/11/ORELOGO.png,,,,,,,,,0,כמות,,1,1,גודל,,1,1,default,"{""total"":26,""to_translate"":{""en"":26}}",1,1
9386,simple,413937,שושנים לבנים מבצק סוכר,1,0,visible,,,,,none,,1,,,0,0,,,,,0,,,22,אירוח לכל גיל > גיוס קל ונעים,,,https://celebrationbyorel.com/wp-content/uploads/2019/11/ORELOGO.png,,,,,,,,,0,כמות,,1,1,גודל,,1,1,default,"{""total"":26,""to_translate"":{""en"":26}}",1,1
9387,simple,413938,מיני שושנים לבנים מבצק סוכר,1,0,visible,,,,,none,,1,,,0,0,,,,,0,,,22,אירוח לכל גיל > גיוס קל ונעים,,,https://celebrationbyorel.com/wp-content/uploads/2019/11/ORELOGO.png,,,,,,,,,0,כמות,,1,1,גודל,,1,1,default,"{""total"":26,""to_translate"":{""en"":26}}",1,1
9388,simple,413939,מיני שושנים כתומים מבצק סוכר,1,0,visible,,,,,none,,1,,,0,0,,,,,0,,,22,אירוח לכל גיל > גיוס קל ונעים,,,https://celebrationbyorel.com/wp-content/uploads/2019/11/ORELOGO.png,,,,,,,,,0,כמות,,1,1,גודל,,1,1,default,"{""total"":26,""to_translate"":{""en"":26}}",1,1
9389,simple,413940,מיני שושנים כחולים מבצק סוכר,1,0,visible,,,,,none,,1,,,0,0,,,,,0,,,22,אירוח לכל גיל > גיוס קל ונעים,,,https://celebrationbyorel.com/wp-content/uploads/2019/11/ORELOGO.png,,,,,,,,,0,כמות,,1,1,גודל,,1,1,default,"{""total"":26,""to_translate"":{""en"":26}}",1,1
9390,simple,413941,לבבות אדומים מבצק סוכר,1,0,visible,,,,,none,,1,,,0,0,,,,,0,,,22,אירוח לכל גיל > גיוס קל ונעים,,,https://celebrationbyorel.com/wp-content/uploads/2019/11/ORELOGO.png,,,,,,,,,0,כמות,,1,1,גודל,,1,1,default,"{""total"":26,""to_translate"":{""en"":26}}",1,1
9391,simple,413942,לבבות אדומים על קיסם מבצק סוכר,1,0,visible,,,,,none,,1,,,0,0,,,,,0,,,22,אירוח לכל גיל > גיוס קל ונעים,,,https://celebrationbyorel.com/wp-content/uploads/2019/11/ORELOGO.png,,,,,,,,,0,כמות,,1,1,גודל,,1,1,default,"{""total"":26,""to_translate"":{""en"":26}}",1,1
9392,simple,413943,לבבות ורודים מבצק סוכר,1,0,visible,,,,,none,,1,,,0,0,,,,,0,,,22,אירוח לכל גיל > גיוס קל ונעים,,,https://celebrationbyorel.com/wp-content/uploads/2019/11/ORELOGO.png,,,,,,,,,0,כמות,,1,1,גודל,,1,1,default,"{""total"":26,""to_translate"":{""en"":26}}",1,1
9393,simple,413944,לבבות ורודים על קיסם מבצק סוכר,1,0,visible,,,,,none,,1,,,0,0,,,,,0,,,22,אירוח לכל גיל > גיוס קל ונעים,,,https://celebrationbyorel.com/wp-content/uploads/2019/11/ORELOGO.png,,,,,,,,,0,כמות,,1,1,גודל,,1,1,default,"{""total"":26,""to_translate"":{""en"":26}}",1,1
9394,simple,413945,כוכבים צבעוניים מבצק סוכר,1,0,visible,,,,,none,,1,,,0,0,,,,,0,,,22,אירוח לכל גיל > גיוס קל ונעים,,,https://celebrationbyorel.com/wp-content/uploads/2019/11/ORELOGO.png,,,,,,,,,0,כמות,,1,1,גודל,,1,1,default,"{""total"":26,""to_translate"":{""en"":26}}",1,1
9395,simple,413946,קשת בענן מבצק סוכר,1,0,visible,,,,,none,,1,,,0,0,,,,,0,,,26,אירוח לכל גיל > גיוס קל ונעים,,,https://celebrationbyorel.com/wp-content/uploads/2019/11/ORELOGO.png,,,,,,,,,0,כמות,,1,1,גודל,,1,1,default,"{""total"":26,""to_translate"":{""en"":26}}",1,1
9396,simple,413947,פרחים מבצק סוכר,1,0,visible,,,,,none,,1,,,0,0,,,,,0,,,22,אירוח לכל גיל > גיוס קל ונעים,,,https://celebrationbyorel.com/wp-content/uploads/2019/11/ORELOGO.png,,,,,,,,,0,כמות,,1,1,גודל,,1,1,default,"{""total"":26,""to_translate"":{""en"":26}}",1,1
9397,simple,413948,פרחים על קיסמים מבצק סוכר,1,0,visible,,,,,none,,1,,,0,0,,,,,0,,,22,אירוח לכל גיל > גיוס קל ונעים,,,https://celebrationbyorel.com/wp-content/uploads/2019/11/ORELOGO.png,,,,,,,,,0,כמות,,1,1,גודל,,1,1,default,"{""total"":26,""to_translate"":{""en"":26}}",1,1
9398,simple,413949,כתרים על קיסמים מבצק סוכר,1,0,visible,,,,,none,,1,,,0,0,,,,,0,,,22,אירוח לכל גיל > גיוס קל ונעים,,,https://celebrationbyorel.com/wp-content/uploads/2019/11/ORELOGO.png,,,,,,,,,0,כמות,,1,1,גודל,,1,1,default,"{""total"":26,""to_translate"":{""en"":26}}",1,1
9399,simple,413950,מכוניות צבעוניות מבצק סוכר,1,0,visible,,,,,none,,1,,,0,0,,,,,0,,,22,אירוח לכל גיל > גיוס קל ונעים,,,https://celebrationbyorel.com/wp-content/uploads/2019/11/ORELOGO.png,,,,,,,,,0,כמות,,1,1,גודל,,1,1,default,"{""total"":26,""to_translate"":{""en"":26}}",1,1
9400,simple,413951,טרקטורים ומשאיות על קיסם מבצק סוכר,1,0,visible,,,,,none,,1,,,0,0,,,,,0,,,22,אירוח לכל גיל > גיוס קל ונעים,,,https://celebrationbyorel.com/wp-content/uploads/2019/11/ORELOGO.png,,,,,,,,,0,כמות,,1,1,גודל,,1,1,default,"{""total"":26,""to_translate"":{""en"":26}}",1,1
9401,simple,413952,כבאית אש מבצק סוכר,1,0,visible,,,,,none,,1,,,0,0,,,,,0,,,32,אירוח לכל גיל > גיוס קל ונעים,,,https://celebrationbyorel.com/wp-content/uploads/2019/11/ORELOGO.png,,,,,,,,,0,כמות,,1,1,גודל,,1,1,default,"{""total"":26,""to_translate"":{""en"":26}}",1,1
9402,simple,413953,חמישה בלונים צבעוניים מבצק סוכר,1,0,visible,,,,,none,,1,,,0,0,,,,,0,,,22,אירוח לכל גיל > גיוס קל ונעים,,,https://celebrationbyorel.com/wp-content/uploads/2019/11/ORELOGO.png,,,,,,,,,0,כמות,,1,1,גודל,,1,1,default,"{""total"":26,""to_translate"":{""en"":26}}",1,1
9403,simple,413954,בצק סוכר ,1,0,visible,,,,,none,,1,,,0,0,,,,,0,,,מחיר,,,,https://celebrationbyorel.com/wp-content/uploads/2019/11/ORELOGO.png,,,,,,,,,0,כמות,כמות,1,1,גודל,,1,1,default,"{""total"":26,""to_translate"":{""en"":26}}",1,1
9404,simple,413955,בצק סוכר כחול,1,0,visible,,,,,none,,1,,,0,0,,,,,0,,,9,אפייה ועוגות > בצק סוכר במשקל,,,https://celebrationbyorel.com/wp-content/uploads/2019/11/ORELOGO.png,,,,,,,,,0,כמות,150גרם,1,1,גודל,,1,1,default,"{""total"":26,""to_translate"":{""en"":26}}",1,1
9405,simple,413956,בצק סוכר ירוק,1,0,visible,,,,,none,,1,,,0,0,,,,,0,,,9,אפייה ועוגות > בצק סוכר במשקל,,,https://celebrationbyorel.com/wp-content/uploads/2019/11/ORELOGO.png,,,,,,,,,0,כמות,150גרם,1,1,גודל,,1,1,default,"{""total"":26,""to_translate"":{""en"":26}}",1,1
9406,simple,413957,בצק סוכר צהוב,1,0,visible,,,,,none,,1,,,0,0,,,,,0,,,9,אפייה ועוגות > בצק סוכר במשקל,,,https://celebrationbyorel.com/wp-content/uploads/2019/11/ORELOGO.png,,,,,,,,,0,כמות,150גרם,1,1,גודל,,1,1,default,"{""total"":26,""to_translate"":{""en"":26}}",1,1
9407,simple,413958,בצק סוכר אדום,1,0,visible,,,,,none,,1,,,0,0,,,,,0,,,9,אפייה ועוגות > בצק סוכר במשקל,,,https://celebrationbyorel.com/wp-content/uploads/2019/11/ORELOGO.png,,,,,,,,,0,כמות,150גרם,1,1,גודל,,1,1,default,"{""total"":26,""to_translate"":{""en"":26}}",1,1
9408,simple,413959,בצק סוכר ורוד,1,0,visible,,,,,none,,1,,,0,0,,,,,0,,,9,אפייה ועוגות > בצק סוכר במשקל,,,https://celebrationbyorel.com/wp-content/uploads/2019/11/ORELOGO.png,,,,,,,,,0,כמות,150גרם,1,1,גודל,,1,1,default,"{""total"":26,""to_translate"":{""en"":26}}",1,1
9409,simple,413960,בצק סוכר שחור,1,0,visible,,,,,none,,1,,,0,0,,,,,0,,,9,אפייה ועוגות > בצק סוכר במשקל,,,https://celebrationbyorel.com/wp-content/uploads/2019/11/ORELOGO.png,,,,,,,,,0,כמות,150גרם,1,1,גודל,,1,1,default,"{""total"":26,""to_translate"":{""en"":26}}",1,1
9410,simple,413961,בצק סוכר לבן,1,0,visible,,,,,none,,1,,,0,0,,,,,0,,,13,אפייה ועוגות > בצק סוכר במשקל,,,https://celebrationbyorel.com/wp-content/uploads/2019/11/ORELOGO.png,,,,,,,,,0,כמות,250גרם,1,1,גודל,,1,1,default,"{""total"":26,""to_translate"":{""en"":26}}",1,1
9411,simple,413962,בצק סוכר לבן,1,0,visible,,,,,none,,1,,,0,0,,,,,0,,,25,אפייה ועוגות > בצק סוכר במשקל,,,https://celebrationbyorel.com/wp-content/uploads/2019/11/ORELOGO.png,,,,,,,,,0,כמות,600גרם,1,1,גודל,,1,1,default,"{""total"":26,""to_translate"":{""en"":26}}",1,1
9412,simple,413963,בצק סוכר לבן ,1,0,visible,,,,,none,,1,,,0,0,,,,,0,,,31,אפייה ועוגות > בצק סוכר במשקל,,,https://celebrationbyorel.com/wp-content/uploads/2019/11/ORELOGO.png,,,,,,,,,0,כמות,1קילו,1,1,גודל,,1,1,default,"{""total"":26,""to_translate"":{""en"":26}}",1,1
9413,simple,413964,תערובת להכנת מרנג,1,0,visible,,,,,none,,1,,,0,0,,,,,0,,,25,אפייה ועוגות > חומרי גלם,,,https://celebrationbyorel.com/wp-content/uploads/2019/11/ORELOGO.png,,,,,,,,,0,כמות,100גרם,1,1,גודל,,1,1,default,"{""total"":26,""to_translate"":{""en"":26}}",1,1
9414,simple,413965,חבילת מרציפן צבעוני,1,0,visible,,,,,none,,1,,,0,0,,,,,0,,,16,אפייה ועוגות > חומרי גלם,,,https://celebrationbyorel.com/wp-content/uploads/2019/11/ORELOGO.png,,,,,,,,,0,כמות,,1,1,גודל,,1,1,default,"{""total"":26,""to_translate"":{""en"":26}}",1,1
9415,simple,413966,חבילת מרציפן,1,0,visible,,,,,none,,1,,,0,0,,,,,0,,,79,אפייה ועוגות > חומרי גלם,,,https://celebrationbyorel.com/wp-content/uploads/2019/11/ORELOGO.png,,,,,,,,,0,כמות,1קילו,1,1,גודל,,1,1,default,"{""total"":26,""to_translate"":{""en"":26}}",1,1
9416,simple,413967,בהצלחה לחייל מבצק סוכר,1,0,visible,,,,,none,,1,,,0,0,,,,,0,,,23,אפייה ועוגות > דמויות וצורות מבצק סוכר ,,,https://celebrationbyorel.com/wp-content/uploads/2019/11/ORELOGO.png,,,,,,,,,0,כמות,,1,1,גודל,,1,1,default,"{""total"":26,""to_translate"":{""en"":26}}",1,1
9417,simple,413968,בהצלחה לחיילת מבצק סוכר,1,0,visible,,,,,none,,1,,,0,0,,,,,0,,,23,אפייה ועוגות > דמויות וצורות מבצק סוכר ,,,https://celebrationbyorel.com/wp-content/uploads/2019/11/ORELOGO.png,,,,,,,,,0,כמות,,1,1,גודל,,1,1,default,"{""total"":26,""to_translate"":{""en"":26}}",1,1
9418,simple,413969,שלט עגול מזל טוב מבצק סוכר- כחול,1,0,visible,,,,,none,,1,,,0,0,,,,,0,,,23,אפייה ועוגות > דמויות וצורות מבצק סוכר ,,,https://celebrationbyorel.com/wp-content/uploads/2019/11/ORELOGO.png,,,,,,,,,0,כמות,,1,1,גודל,,1,1,default,"{""total"":26,""to_translate"":{""en"":26}}",1,1
9419,simple,413970,שלט עגול מזל טוב מבצק סוכר- ורוד,1,0,visible,,,,,none,,1,,,0,0,,,,,0,,,23,אפייה ועוגות > דמויות וצורות מבצק סוכר ,,,https://celebrationbyorel.com/wp-content/uploads/2019/11/ORELOGO.png,,,,,,,,,0,כמות,,1,1,גודל,,1,1,default,"{""total"":26,""to_translate"":{""en"":26}}",1,1
9420,simple,413971,שלט מרובע יום הולדת שמח מבצק סוכר-כחול,1,0,visible,,,,,none,,1,,,0,0,,,,,0,,,23,אפייה ועוגות > דמויות וצורות מבצק סוכר ,,,https://celebrationbyorel.com/wp-content/uploads/2019/11/ORELOGO.png,,,,,,,,,0,כמות,,1,1,גודל,,1,1,default,"{""total"":26,""to_translate"":{""en"":26}}",1,1
9421,simple,413972,שלט מרובע יום הולדת שמח מבצק סוכר-ורוד,1,0,visible,,,,,none,,1,,,0,0,,,,,0,,,23,אפייה ועוגות > דמויות וצורות מבצק סוכר ,,,https://celebrationbyorel.com/wp-content/uploads/2019/11/ORELOGO.png,,,,,,,,,0,כמות,,1,1,גודל,,1,1,default,"{""total"":26,""to_translate"":{""en"":26}}",1,1
9422,simple,413973,שלט יום הולדת שמח מבצק סוכר-כחול,1,0,visible,,,,,none,,1,,,0,0,,,,,0,,,18,אפייה ועוגות > דמויות וצורות מבצק סוכר ,,,https://celebrationbyorel.com/wp-content/uploads/2019/11/ORELOGO.png,,,,,,,,,0,כמות,,1,1,גודל,,1,1,default,"{""total"":26,""to_translate"":{""en"":26}}",1,1
9423,simple,413974,שלט יום הולדת שמח מבצק סוכר-ורוד,1,0,visible,,,,,none,,1,,,0,0,,,,,0,,,18,אפייה ועוגות > דמויות וצורות מבצק סוכר ,,,https://celebrationbyorel.com/wp-content/uploads/2019/11/ORELOGO.png,,,,,,,,,0,כמות,,1,1,גודל,,1,1,default,"{""total"":26,""to_translate"":{""en"":26}}",1,1
9424,simple,413975,שלט מזל טוב מבצק סוכר-כחול,1,0,visible,,,,,none,,1,,,0,0,,,,,0,,,18,אפייה ועוגות > דמויות וצורות מבצק סוכר ,,,https://celebrationbyorel.com/wp-content/uploads/2019/11/ORELOGO.png,,,,,,,,,0,כמות,,1,1,גודל,,1,1,default,"{""total"":26,""to_translate"":{""en"":26}}",1,1
9425,simple,413976,שלט מזל טוב מבצק סוכר-ורוד,1,0,visible,,,,,none,,1,,,0,0,,,,,0,,,18,אפייה ועוגות > דמויות וצורות מבצק סוכר ,,,https://celebrationbyorel.com/wp-content/uploads/2019/11/ORELOGO.png,,,,,,,,,0,כמות,,1,1,גודל,,1,1,default,"{""total"":26,""to_translate"":{""en"":26}}",1,1
9426,simple,413977,יום הולדת שמח-צבעוני מבצק סוכר,1,0,visible,,,,,none,,1,,,0,0,,,,,0,,,25,אפייה ועוגות > דמויות וצורות מבצק סוכר ,,,https://celebrationbyorel.com/wp-content/uploads/2019/11/ORELOGO.png,,,,,,,,,0,כמות,,1,1,גודל,,1,1,default,"{""total"":26,""to_translate"":{""en"":26}}",1,1
9427,simple,413978,יום הולדת שמח- כחול מבצק סוכר,1,0,visible,,,,,none,,1,,,0,0,,,,,0,,,25,אפייה ועוגות > דמויות וצורות מבצק סוכר ,,,https://celebrationbyorel.com/wp-content/uploads/2019/11/ORELOGO.png,,,,,,,,,0,כמות,,1,1,גודל,,1,1,default,"{""total"":26,""to_translate"":{""en"":26}}",1,1
9428,simple,413979,יום הולדת שמח- ורוד מבצק סוכר,1,0,visible,,,,,none,,1,,,0,0,,,,,0,,,25,אפייה ועוגות > דמויות וצורות מבצק סוכר ,,,https://celebrationbyorel.com/wp-content/uploads/2019/11/ORELOGO.png,,,,,,,,,0,כמות,,1,1,גודל,,1,1,default,"{""total"":26,""to_translate"":{""en"":26}}",1,1
9429,simple,413980,מזל טוב- ורוד מבצק סוכר,1,0,visible,,,,,none,,1,,,0,0,,,,,0,,,25,אפייה ועוגות > דמויות וצורות מבצק סוכר ,,,https://celebrationbyorel.com/wp-content/uploads/2019/11/ORELOGO.png,,,,,,,,,0,כמות,,1,1,גודל,,1,1,default,"{""total"":26,""to_translate"":{""en"":26}}",1,1
9430,simple,413981,מזל טוב- כחול מבצק סוכר,1,0,visible,,,,,none,,1,,,0,0,,,,,0,,,25,אפייה ועוגות > דמויות וצורות מבצק סוכר ,,,https://celebrationbyorel.com/wp-content/uploads/2019/11/ORELOGO.png,,,,,,,,,0,כמות,,1,1,גודל,,1,1,default,"{""total"":26,""to_translate"":{""en"":26}}",1,1
9431,simple,413982,אלף נשיקות בצורת לב מבצק סוכר,1,0,visible,,,,,none,,1,,,0,0,,,,,0,,,23,אפייה ועוגות > דמויות וצורות מבצק סוכר ,,,https://celebrationbyorel.com/wp-content/uploads/2019/11/ORELOGO.png,,,,,,,,,0,כמות,,1,1,גודל,,1,1,default,"{""total"":26,""to_translate"":{""en"":26}}",1,1
9432,simple,413983,דמויות וצורות מבצק סוכר,1,0,visible,,,,,none,,1,,,0,0,,,,,0,,,,,,,https://celebrationbyorel.com/wp-content/uploads/2019/11/ORELOGO.png,,,,,,,,,0,כמות,,1,1,גודל,,1,1,default,"{""total"":26,""to_translate"":{""en"":26}}",1,1
9433,simple,413984,חד קרן מבצק סוכר,1,0,visible,,,,,none,,1,,,0,0,,,,,0,,,32,אפייה ועוגות > דמויות וצורות מבצק סוכר ,,,https://celebrationbyorel.com/wp-content/uploads/2019/11/ORELOGO.png,,,,,,,,,0,כמות,,1,1,גודל,,1,1,default,"{""total"":26,""to_translate"":{""en"":26}}",1,1
9434,simple,413985,ערכת חד קרן מבצק סוכר,1,0,visible,,,,,none,,1,,,0,0,,,,,0,,,39,אפייה ועוגות > דמויות וצורות מבצק סוכר ,,,https://celebrationbyorel.com/wp-content/uploads/2019/11/ORELOGO.png,,,,,,,,,0,כמות,,1,1,גודל,,1,1,default,"{""total"":26,""to_translate"":{""en"":26}}",1,1
9435,simple,413986,כדורגל מבצק סוכר,1,0,visible,,,,,none,,1,,,0,0,,,,,0,,,29,אפייה ועוגות > דמויות וצורות מבצק סוכר ,,,https://celebrationbyorel.com/wp-content/uploads/2019/11/ORELOGO.png,,,,,,,,,0,כמות,,1,1,גודל,,1,1,default,"{""total"":26,""to_translate"":{""en"":26}}",1,1
9436,simple,413987,כדורסל מבצק סוכר,1,0,visible,,,,,none,,1,,,0,0,,,,,0,,,29,אפייה ועוגות > דמויות וצורות מבצק סוכר ,,,https://celebrationbyorel.com/wp-content/uploads/2019/11/ORELOGO.png,,,,,,,,,0,כמות,,1,1,גודל,,1,1,default,"{""total"":26,""to_translate"":{""en"":26}}",1,1
9437,simple,413988,נעלי כדורגל מבצק סוכר,1,0,visible,,,,,none,,1,,,0,0,,,,,0,,,32,אפייה ועוגות > דמויות וצורות מבצק סוכר ,,,https://celebrationbyorel.com/wp-content/uploads/2019/11/ORELOGO.png,,,,,,,,,0,כמות,,1,1,גודל,,1,1,default,"{""total"":26,""to_translate"":{""en"":26}}",1,1
9438,simple,413989,שבת שלום עם נרות מבצק סוכר,1,0,visible,,,,,none,,1,,,0,0,,,,,0,,,23,אפייה ועוגות > דמויות וצורות מבצק סוכר ,,,https://celebrationbyorel.com/wp-content/uploads/2019/11/ORELOGO.png,,,,,,,,,0,כמות,,1,1,גודל,,1,1,default,"{""total"":26,""to_translate"":{""en"":26}}",1,1
9439,simple,413990,לגו צבעוני מבצק סוכר,1,0,visible,,,,,none,,1,,,0,0,,,,,0,,,22,אפייה ועוגות > דמויות וצורות מבצק סוכר ,,,https://celebrationbyorel.com/wp-content/uploads/2019/11/ORELOGO.png,,,,,,,,,0,כמות,,1,1,גודל,,1,1,default,"{""total"":26,""to_translate"":{""en"":26}}",1,1
9440,simple,413991,אביזרי איפור מבצק סוכר,1,0,visible,,,,,none,,1,,,0,0,,,,,0,,,32,אפייה ועוגות > דמויות וצורות מבצק סוכר ,,,https://celebrationbyorel.com/wp-content/uploads/2019/11/ORELOGO.png,,,,,,,,,0,כמות,,1,1,גודל,,1,1,default,"{""total"":26,""to_translate"":{""en"":26}}",1,1
9441,simple,413992,כלה עם שיער חום מבצק סוכר,1,0,visible,,,,,none,,1,,,0,0,,,,,0,,,32,אפייה ועוגות > דמויות וצורות מבצק סוכר ,,,https://celebrationbyorel.com/wp-content/uploads/2019/11/ORELOGO.png,,,,,,,,,0,כמות,,1,1,גודל,,1,1,default,"{""total"":26,""to_translate"":{""en"":26}}",1,1
9442,simple,413993,כלה עם שיער צהוב מבצק סוכר,1,0,visible,,,,,none,,1,,,0,0,,,,,0,,,32,אפייה ועוגות > דמויות וצורות מבצק סוכר ,,,https://celebrationbyorel.com/wp-content/uploads/2019/11/ORELOGO.png,,,,,,,,,0,כמות,,1,1,גודל,,1,1,default,"{""total"":26,""to_translate"":{""en"":26}}",1,1
9443,simple,413994,חתן מבצק סוכר,1,0,visible,,,,,none,,1,,,0,0,,,,,0,,,29,אפייה ועוגות > דמויות וצורות מבצק סוכר ,,,https://celebrationbyorel.com/wp-content/uploads/2019/11/ORELOGO.png,,,,,,,,,0,כמות,,1,1,גודל,,1,1,default,"{""total"":26,""to_translate"":{""en"":26}}",1,1
9444,simple,413995,תינוק מבצק סוכר,1,0,visible,,,,,none,,1,,,0,0,,,,,0,,,22,אפייה ועוגות > דמויות וצורות מבצק סוכר ,,,https://celebrationbyorel.com/wp-content/uploads/2019/11/ORELOGO.png,,,,,,,,,0,כמות,,1,1,גודל,,1,1,default,"{""total"":26,""to_translate"":{""en"":26}}",1,1
9445,simple,413996,תינוקת מבצק סוכר,1,0,visible,,,,,none,,1,,,0,0,,,,,0,,,22,אפייה ועוגות > דמויות וצורות מבצק סוכר ,,,https://celebrationbyorel.com/wp-content/uploads/2019/11/ORELOGO.png,,,,,,,,,0,כמות,,1,1,גודל,,1,1,default,"{""total"":26,""to_translate"":{""en"":26}}",1,1
9446,simple,413997,בת הים מבצק סוכר,1,0,visible,,,,,none,,1,,,0,0,,,,,0,,,29,אפייה ועוגות > דמויות וצורות מבצק סוכר ,,,https://celebrationbyorel.com/wp-content/uploads/2019/11/ORELOGO.png,,,,,,,,,0,כמות,,1,1,גודל,,1,1,default,"{""total"":26,""to_translate"":{""en"":26}}",1,1
9447,simple,413998,פלמנגו מבצק סוכר,1,0,visible,,,,,none,,1,,,0,0,,,,,0,,,32,אפייה ועוגות > דמויות וצורות מבצק סוכר ,,,https://celebrationbyorel.com/wp-content/uploads/2019/11/ORELOGO.png,,,,,,,,,0,כמות,,1,1,גודל,,1,1,default,"{""total"":26,""to_translate"":{""en"":26}}",1,1
9448,simple,413999,לאמה מבצק סוכר,1,0,visible,,,,,none,,1,,,0,0,,,,,0,,,32,אפייה ועוגות > דמויות וצורות מבצק סוכר ,,,https://celebrationbyorel.com/wp-content/uploads/2019/11/ORELOGO.png,,,,,,,,,0,כמות,,1,1,גודל,,1,1,default,"{""total"":26,""to_translate"":{""en"":26}}",1,1
9449,simple,414000,אריה מבצק סוכר,1,0,visible,,,,,none,,1,,,0,0,,,,,0,,,22,אפייה ועוגות > דמויות וצורות מבצק סוכר ,,,https://celebrationbyorel.com/wp-content/uploads/2019/11/ORELOGO.png,,,,,,,,,0,כמות,,1,1,גודל,,1,1,default,"{""total"":26,""to_translate"":{""en"":26}}",1,1
9450,simple,414001,ג'ירף צהוב מבצק סוכר,1,0,visible,,,,,none,,1,,,0,0,,,,,0,,,22,אפייה ועוגות > דמויות וצורות מבצק סוכר ,,,https://celebrationbyorel.com/wp-content/uploads/2019/11/ORELOGO.png,,,,,,,,,0,כמות,,1,1,גודל,,1,1,default,"{""total"":26,""to_translate"":{""en"":26}}",1,1
9451,simple,414002,ג'ירף כתום מבצק סוכר,1,0,visible,,,,,none,,1,,,0,0,,,,,0,,,22,אפייה ועוגות > דמויות וצורות מבצק סוכר ,,,https://celebrationbyorel.com/wp-content/uploads/2019/11/ORELOGO.png,,,,,,,,,0,כמות,,1,1,גודל,,1,1,default,"{""total"":26,""to_translate"":{""en"":26}}",1,1
9452,simple,414003,פיל אפור מבצק סוכר,1,0,visible,,,,,none,,1,,,0,0,,,,,0,,,22,אפייה ועוגות > דמויות וצורות מבצק סוכר ,,,https://celebrationbyorel.com/wp-content/uploads/2019/11/ORELOGO.png,,,,,,,,,0,כמות,,1,1,גודל,,1,1,default,"{""total"":26,""to_translate"":{""en"":26}}",1,1
9453,simple,414004,פיל כחול מבצק סוכר,1,0,visible,,,,,none,,1,,,0,0,,,,,0,,,22,אפייה ועוגות > דמויות וצורות מבצק סוכר ,,,https://celebrationbyorel.com/wp-content/uploads/2019/11/ORELOGO.png,,,,,,,,,0,כמות,,1,1,גודל,,1,1,default,"{""total"":26,""to_translate"":{""en"":26}}",1,1
9454,simple,414005,ארנב לבן מבצק סוכר,1,0,visible,,,,,none,,1,,,0,0,,,,,0,,,22,אפייה ועוגות > דמויות וצורות מבצק סוכר ,,,https://celebrationbyorel.com/wp-content/uploads/2019/11/ORELOGO.png,,,,,,,,,0,כמות,,1,1,גודל,,1,1,default,"{""total"":26,""to_translate"":{""en"":26}}",1,1
9455,simple,414006,ארנב ורוד מבצק סוכר,1,0,visible,,,,,none,,1,,,0,0,,,,,0,,,22,אפייה ועוגות > דמויות וצורות מבצק סוכר ,,,https://celebrationbyorel.com/wp-content/uploads/2019/11/ORELOGO.png,,,,,,,,,0,כמות,,1,1,גודל,,1,1,default,"{""total"":26,""to_translate"":{""en"":26}}",1,1
9456,simple,414007,קוף מבצק סוכר,1,0,visible,,,,,none,,1,,,0,0,,,,,0,,,22,אפייה ועוגות > דמויות וצורות מבצק סוכר ,,,https://celebrationbyorel.com/wp-content/uploads/2019/11/ORELOGO.png,,,,,,,,,0,כמות,,1,1,גודל,,1,1,default,"{""total"":26,""to_translate"":{""en"":26}}",1,1
9457,simple,414008,חתול לבן מבצק סוכר,1,0,visible,,,,,none,,1,,,0,0,,,,,0,,,22,אפייה ועוגות > דמויות וצורות מבצק סוכר ,,,https://celebrationbyorel.com/wp-content/uploads/2019/11/ORELOGO.png,,,,,,,,,0,כמות,,1,1,גודל,,1,1,default,"{""total"":26,""to_translate"":{""en"":26}}",1,1
9458,simple,414009,חתול אפור מבצק סוכר,1,0,visible,,,,,none,,1,,,0,0,,,,,0,,,22,אפייה ועוגות > דמויות וצורות מבצק סוכר ,,,https://celebrationbyorel.com/wp-content/uploads/2019/11/ORELOGO.png,,,,,,,,,0,כמות,,1,1,גודל,,1,1,default,"{""total"":26,""to_translate"":{""en"":26}}",1,1
9459,simple,414010,פרפרים מבצק סוכר,1,0,visible,,,,,none,,1,,,0,0,,,,,0,,,22,אפייה ועוגות > דמויות וצורות מבצק סוכר ,,,https://celebrationbyorel.com/wp-content/uploads/2019/11/ORELOGO.png,,,,,,,,,0,כמות,,1,1,גודל,,1,1,default,"{""total"":26,""to_translate"":{""en"":26}}",1,1
9460,simple,414011,שושנים ורודים מבצק סוכר,1,0,visible,,,,,none,,1,,,0,0,,,,,0,,,22,אפייה ועוגות > דמויות וצורות מבצק סוכר ,,,https://celebrationbyorel.com/wp-content/uploads/2019/11/ORELOGO.png,,,,,,,,,0,כמות,,1,1,גודל,,1,1,default,"{""total"":26,""to_translate"":{""en"":26}}",1,1
9461,simple,414012,שושנים אדומים מבצק סוכר,1,0,visible,,,,,none,,1,,,0,0,,,,,0,,,22,אפייה ועוגות > דמויות וצורות מבצק סוכר ,,,https://celebrationbyorel.com/wp-content/uploads/2019/11/ORELOGO.png,,,,,,,,,0,כמות,,1,1,גודל,,1,1,default,"{""total"":26,""to_translate"":{""en"":26}}",1,1
9462,simple,414013,שושנים סגולות מבצק סוכר,1,0,visible,,,,,none,,1,,,0,0,,,,,0,,,22,אפייה ועוגות > דמויות וצורות מבצק סוכר ,,,https://celebrationbyorel.com/wp-content/uploads/2019/11/ORELOGO.png,,,,,,,,,0,כמות,,1,1,גודל,,1,1,default,"{""total"":26,""to_translate"":{""en"":26}}",1,1
9463,simple,414014,שושנים לבנים מבצק סוכר,1,0,visible,,,,,none,,1,,,0,0,,,,,0,,,22,אפייה ועוגות > דמויות וצורות מבצק סוכר ,,,https://celebrationbyorel.com/wp-content/uploads/2019/11/ORELOGO.png,,,,,,,,,0,כמות,,1,1,גודל,,1,1,default,"{""total"":26,""to_translate"":{""en"":26}}",1,1
9464,simple,414015,מיני שושנים לבנים מבצק סוכר,1,0,visible,,,,,none,,1,,,0,0,,,,,0,,,22,אפייה ועוגות > דמויות וצורות מבצק סוכר ,,,https://celebrationbyorel.com/wp-content/uploads/2019/11/ORELOGO.png,,,,,,,,,0,כמות,,1,1,גודל,,1,1,default,"{""total"":26,""to_translate"":{""en"":26}}",1,1
9465,simple,414016,מיני שושנים כתומים מבצק סוכר,1,0,visible,,,,,none,,1,,,0,0,,,,,0,,,22,אפייה ועוגות > דמויות וצורות מבצק סוכר ,,,https://celebrationbyorel.com/wp-content/uploads/2019/11/ORELOGO.png,,,,,,,,,0,כמות,,1,1,גודל,,1,1,default,"{""total"":26,""to_translate"":{""en"":26}}",1,1
9466,simple,414017,מיני שושנים כחולים מבצק סוכר,1,0,visible,,,,,none,,1,,,0,0,,,,,0,,,22,אפייה ועוגות > דמויות וצורות מבצק סוכר ,,,https://celebrationbyorel.com/wp-content/uploads/2019/11/ORELOGO.png,,,,,,,,,0,כמות,,1,1,גודל,,1,1,default,"{""total"":26,""to_translate"":{""en"":26}}",1,1
9467,simple,414018,לבבות אדומים מבצק סוכר,1,0,visible,,,,,none,,1,,,0,0,,,,,0,,,22,אפייה ועוגות > דמויות וצורות מבצק סוכר ,,,https://celebrationbyorel.com/wp-content/uploads/2019/11/ORELOGO.png,,,,,,,,,0,כמות,,1,1,גודל,,1,1,default,"{""total"":26,""to_translate"":{""en"":26}}",1,1
9468,simple,414019,לבבות אדומים על קיסם מבצק סוכר,1,0,visible,,,,,none,,1,,,0,0,,,,,0,,,22,אפייה ועוגות > דמויות וצורות מבצק סוכר ,,,https://celebrationbyorel.com/wp-content/uploads/2019/11/ORELOGO.png,,,,,,,,,0,כמות,,1,1,גודל,,1,1,default,"{""total"":26,""to_translate"":{""en"":26}}",1,1
9469,simple,414020,לבבות ורודים מבצק סוכר,1,0,visible,,,,,none,,1,,,0,0,,,,,0,,,22,אפייה ועוגות > דמויות וצורות מבצק סוכר ,,,https://celebrationbyorel.com/wp-content/uploads/2019/11/ORELOGO.png,,,,,,,,,0,כמות,,1,1,גודל,,1,1,default,"{""total"":26,""to_translate"":{""en"":26}}",1,1
9470,simple,414021,לבבות ורודים על קיסם מבצק סוכר,1,0,visible,,,,,none,,1,,,0,0,,,,,0,,,22,אפייה ועוגות > דמויות וצורות מבצק סוכר ,,,https://celebrationbyorel.com/wp-content/uploads/2019/11/ORELOGO.png,,,,,,,,,0,כמות,,1,1,גודל,,1,1,default,"{""total"":26,""to_translate"":{""en"":26}}",1,1
9471,simple,414022,כוכבים צבעוניים מבצק סוכר,1,0,visible,,,,,none,,1,,,0,0,,,,,0,,,22,אפייה ועוגות > דמויות וצורות מבצק סוכר ,,,https://celebrationbyorel.com/wp-content/uploads/2019/11/ORELOGO.png,,,,,,,,,0,כמות,,1,1,גודל,,1,1,default,"{""total"":26,""to_translate"":{""en"":26}}",1,1
9472,simple,414023,קשת בענן מבצק סוכר,1,0,visible,,,,,none,,1,,,0,0,,,,,0,,,26,אפייה ועוגות > דמויות וצורות מבצק סוכר ,,,https://celebrationbyorel.com/wp-content/uploads/2019/11/ORELOGO.png,,,,,,,,,0,כמות,,1,1,גודל,,1,1,default,"{""total"":26,""to_translate"":{""en"":26}}",1,1
9473,simple,414024,פרחים מבצק סוכר,1,0,visible,,,,,none,,1,,,0,0,,,,,0,,,22,אפייה ועוגות > דמויות וצורות מבצק סוכר ,,,https://celebrationbyorel.com/wp-content/uploads/2019/11/ORELOGO.png,,,,,,,,,0,כמות,,1,1,גודל,,1,1,default,"{""total"":26,""to_translate"":{""en"":26}}",1,1
9474,simple,414025,פרחים על קיסמים מבצק סוכר,1,0,visible,,,,,none,,1,,,0,0,,,,,0,,,22,אפייה ועוגות > דמויות וצורות מבצק סוכר ,,,https://celebrationbyorel.com/wp-content/uploads/2019/11/ORELOGO.png,,,,,,,,,0,כמות,,1,1,גודל,,1,1,default,"{""total"":26,""to_translate"":{""en"":26}}",1,1
9475,simple,414026,כתרים על קיסמים מבצק סוכר,1,0,visible,,,,,none,,1,,,0,0,,,,,0,,,22,אפייה ועוגות > דמויות וצורות מבצק סוכר ,,,https://celebrationbyorel.com/wp-content/uploads/2019/11/ORELOGO.png,,,,,,,,,0,כמות,,1,1,גודל,,1,1,default,"{""total"":26,""to_translate"":{""en"":26}}",1,1
9476,simple,414027,מכוניות צבעוניות מבצק סוכר,1,0,visible,,,,,none,,1,,,0,0,,,,,0,,,22,אפייה ועוגות > דמויות וצורות מבצק סוכר ,,,https://celebrationbyorel.com/wp-content/uploads/2019/11/ORELOGO.png,,,,,,,,,0,כמות,,1,1,גודל,,1,1,default,"{""total"":26,""to_translate"":{""en"":26}}",1,1
9477,simple,414028,טרקטורים ומשאיות על קיסם מבצק סוכר,1,0,visible,,,,,none,,1,,,0,0,,,,,0,,,22,אפייה ועוגות > דמויות וצורות מבצק סוכר ,,,https://celebrationbyorel.com/wp-content/uploads/2019/11/ORELOGO.png,,,,,,,,,0,כמות,,1,1,גודל,,1,1,default,"{""total"":26,""to_translate"":{""en"":26}}",1,1
9478,simple,414029,כבאית אש מבצק סוכר,1,0,visible,,,,,none,,1,,,0,0,,,,,0,,,32,אפייה ועוגות > דמויות וצורות מבצק סוכר ,,,https://celebrationbyorel.com/wp-content/uploads/2019/11/ORELOGO.png,,,,,,,,,0,כמות,,1,1,גודל,,1,1,default,"{""total"":26,""to_translate"":{""en"":26}}",1,1
9479,simple,414030,חמישה בלונים צבעוניים מבצק סוכר,1,0,visible,,,,,none,,1,,,0,0,,,,,0,,,22,אפייה ועוגות > דמויות וצורות מבצק סוכר ,,,https://celebrationbyorel.com/wp-content/uploads/2019/11/ORELOGO.png,,,,,,,,,0,כמות,,1,1,גודל,,1,1,default,"{""total"":26,""to_translate"":{""en"":26}}",1,1
