מזהה,סוג,"מק""ט",Name,Categories,פורסם,האם מומלץ?,נראות בקטלוג,תיאור קצר,תיאור,תאריך התחלה של  המבצע,תאריך סיום של  המבצע,Tax status,סוג מס,במלאי?,מלאי,כמות של מלאי מועט,לאפשר הזמנות מראש?,נמכר בנפרד?,משקל (kg),אורך (cm),רוחב (cm),גובה (cm),לאפשר חוות דעת של לקוחות?,הערת רכישה, מבצע, רגיל,תגיות,Shipping class,תמונות,הגבלת הורדות,ימים שנותרו לתוקף ההורדה,אב,מוצרים מקובצים,מוצרים משודרגים,מוצרים משלימים,URL חיצוני,טקסט כפתור,מיקום,כלים: _wpml_word_count,כלים: _wpml_media_featured,כלים: _wpml_media_duplicate,שיוך 1 שמות,שיוך 1 ערכים,שיוך 1 פריטים מוצגים,שיוך 1 פריטים גלובליים,שיוך 2 שמות,שיוך 2 ערכים,שיוך 2 פריטים מוצגים,שיוך 2 פריטים גלובליים
1097,simple,,צלחת מרובעת,מפרץ ההרפתקאות,1,0,visible,,,,,taxable,,1,,,0,0,,,,,1,,,,,,,,,,,,,,,0,"{""total"":0,""to_translate"":{""en"":4,""he"":4}}",1,1,,,,,,,,
1098,simple,,צלחת מרובעת מפרץ ההרפתקאות,מפרץ ההרפתקאות,1,0,visible,,,,,taxable,,1,,,0,0,,,,,1,,,13.9,,,,,,,,,,,,1,"{""total"":0,""to_translate"":{""en"":4,""he"":4}}",1,1,,,,,,,,
1099,simple,,צלחת מרובעת מפרץ ההרפתקאות,מפרץ ההרפתקאות,1,0,visible,,,,,taxable,,1,,,0,0,,,,,1,,,17.9,,,,,,,,,,,,2,"{""total"":0,""to_translate"":{""en"":4,""he"":4}}",1,1,,,,,,,,
1100,simple,,צלחת עגולה מפרץ ההרפתקאות,מפרץ ההרפתקאות,1,0,visible,,,,,taxable,,1,,,0,0,,,,,1,,,15.9,,,,,,,,,,,,3,"{""total"":0,""to_translate"":{""en"":4,""he"":4}}",1,1,,,,,,,,
1101,simple,,מפיות מפרץ ההרפתקאות,מפרץ ההרפתקאות,1,0,visible,,,,,taxable,,1,,,0,0,,,,,1,,,13.9,,,,,,,,,,,,4,"{""total"":0,""to_translate"":{""en"":4,""he"":4}}",1,1,,,,,,,,
1102,simple,,כוסות מפרץ ההרפתקאות,מפרץ ההרפתקאות,1,0,visible,,,,,taxable,,1,,,0,0,,,,,1,,,9.9,,,,,,,,,,,,5,"{""total"":0,""to_translate"":{""en"":4,""he"":4}}",1,1,,,,,,,,
1103,simple,,צלחת מרובעת נסיכות,נסיכות ,1,0,visible,,,,,taxable,,1,,,0,0,,,,,1,,,17.9,,,,,,,,,,,,6,"{""total"":0,""to_translate"":{""en"":4,""he"":4}}",1,1,,,,,,,,
1104,simple,,צלחת עגולה נסיכות,נסיכות ,1,0,visible,,,,,taxable,,1,,,0,0,,,,,1,,,13.9,,,,,,,,,,,,7,"{""total"":0,""to_translate"":{""en"":4,""he"":4}}",1,1,,,,,,,,
1105,simple,,מפיות נסיכות,נסיכות ,1,0,visible,,,,,taxable,,1,,,0,0,,,,,1,,,13.9,,,,,,,,,,,,8,"{""total"":0,""to_translate"":{""en"":4,""he"":4}}",1,1,,,,,,,,
1106,simple,,מפיות טירת נסיכות ,נסיכות ,1,0,visible,,,,,taxable,,1,,,0,0,,,,,1,,,14.9,,,,,,,,,,,,9,"{""total"":0,""to_translate"":{""en"":4,""he"":4}}",1,1,,,,,,,,
1107,simple,,כוסות טירת נסיכות ,נסיכות ,1,0,visible,,,,,taxable,,1,,,0,0,,,,,1,,,9.9,,,,,,,,,,,,10,"{""total"":0,""to_translate"":{""en"":4,""he"":4}}",1,1,,,,,,,,
1108,simple,,מנשפים נסיכות,נסיכות ,1,0,visible,,,,,taxable,,1,,,0,0,,,,,1,,,10.9,,,,,,,,,,,,11,"{""total"":0,""to_translate"":{""en"":4,""he"":4}}",1,1,,,,,,,,
1109,simple,,צלחת מרובעת LOL,lol,1,0,visible,,,,,taxable,,1,,,0,0,,,,,1,,,,,,,,,,,,,,,12,"{""total"":0,""to_translate"":{""en"":4,""he"":4}}",1,1,,,,,,,,
1110,simple,,צלחת עגולה LOL,lol,1,0,visible,,,,,taxable,,1,,,0,0,,,,,1,,,16.9,,,,,,,,,,,,13,"{""total"":0,""to_translate"":{""en"":4,""he"":4}}",1,1,,,,,,,,
1111,simple,,צלחת עגולה LOL,lol,1,0,visible,,,,,taxable,,1,,,0,0,,,,,1,,,13.9,,,,,,,,,,,,14,"{""total"":0,""to_translate"":{""en"":4,""he"":4}}",1,1,,,,,,,,
1112,simple,,מפיות 202 LOL,lol,1,0,visible,,,,,taxable,,1,,,0,0,,,,,1,,,19.9,,,,,,,,,,,,15,"{""total"":0,""to_translate"":{""en"":4,""he"":4}}",1,1,,,,,,,,
1113,simple,,כוסות 202 LOL,lol,1,0,visible,,,,,taxable,,1,,,0,0,,,,,1,,,13.9,,,,,,,,,,,,16,"{""total"":0,""to_translate"":{""en"":4,""he"":4}}",1,1,,,,,,,,
1114,simple,,צלחת מרובעת אנה ,אנה ואלזה,1,0,visible,,,,,taxable,,1,,,0,0,,,,,1,,,14,,,,,,,,,,,,17,"{""total"":0,""to_translate"":{""en"":4,""he"":4}}",1,1,,,,,,,,
1115,simple,,צלחת מרובעת אלזה,אנה ואלזה,1,0,visible,,,,,taxable,,1,,,0,0,,,,,1,,,14,,,,,,,,,,,,18,"{""total"":0,""to_translate"":{""en"":4,""he"":4}}",1,1,,,,,,,,
1116,simple,,צלחת עגולה אנה ואלזה,אנה ואלזה,1,0,visible,,,,,taxable,,1,,,0,0,,,,,1,,,11.9,,,,,,,,,,,,19,"{""total"":0,""to_translate"":{""en"":4,""he"":4}}",1,1,,,,,,,,
1117,simple,,צלחת עגולה אנה ואלזה,אנה ואלזה,1,0,visible,,,,,taxable,,1,,,0,0,,,,,1,,,11.9,,,,,,,,,,,,20,"{""total"":0,""to_translate"":{""en"":4,""he"":4}}",1,1,,,,,,,,
1118,simple,,מפיות אנה ואלזה ,אנה ואלזה,1,0,visible,,,,,taxable,,1,,,0,0,,,,,1,,,14.9,,,,,,,,,,,,21,"{""total"":0,""to_translate"":{""en"":4,""he"":4}}",1,1,,,,,,,,
1119,simple,,כוסות אנה ואלזה ,אנה ואלזה,1,0,visible,,,,,taxable,,1,,,0,0,,,,,1,,,9.9,,,,,,,,,,,,22,"{""total"":0,""to_translate"":{""en"":4,""he"":4}}",1,1,,,,,,,,
1120,simple,,מנשפים אנה ואלזה ,אנה ואלזה,1,0,visible,,,,,taxable,,1,,,0,0,,,,,1,,,10.9,,,,,,,,,,,,23,"{""total"":0,""to_translate"":{""en"":4,""he"":4}}",1,1,,,,,,,,
1121,simple,,כובעים אנה ואלזה,אנה ואלזה,1,0,visible,,,,,taxable,,1,,,0,0,,,,,1,,,10.9,,,,,,,,,,,,24,"{""total"":0,""to_translate"":{""en"":4,""he"":4}}",1,1,,,,,,,,
1122,simple,,צלחת פרוזן עגולה ,אנה ואלזה,1,0,visible,,,,,taxable,,1,,,0,0,,,,,1,,,13.9,,,,,,,,,,,,25,"{""total"":0,""to_translate"":{""en"":4,""he"":4}}",1,1,,,,,,,,
1123,simple,,צלחת אולף עגולה ,אנה ואלזה,1,0,visible,,,,,taxable,,1,,,0,0,,,,,1,,,16.9,,,,,,,,,,,,26,"{""total"":0,""to_translate"":{""en"":4,""he"":4}}",1,1,,,,,,,,
1124,simple,,כוסות קרטון אולף,אנה ואלזה,1,0,visible,,,,,taxable,,1,,,0,0,,,,,1,,,12.9,,,,,,,,,,,,27,"{""total"":0,""to_translate"":{""en"":4,""he"":4}}",1,1,,,,,,,,
1125,simple,,דלי פופקורן אנה ואלזה תלת מימד,אנה ואלזה,1,0,visible,,,,,taxable,,1,,,0,0,,,,,1,,,,,,,,,,,,,,,28,"{""total"":0,""to_translate"":{""en"":4,""he"":4}}",1,1,,,,,,,,
1126,simple,,דלי פופקורן אנה ואלזה,אנה ואלזה,1,0,visible,,,,,taxable,,1,,,0,0,,,,,1,,,15,,,,,,,,,,,,29,"{""total"":0,""to_translate"":{""en"":4,""he"":4}}",1,1,,,,,,,,
1127,simple,,צלחות עגולות הנסיכה סופיה,הנסיכה סופיה,1,0,visible,,,,,taxable,,1,,,0,0,,,,,1,,,9.9,,,,,,,,,,,,30,"{""total"":0,""to_translate"":{""en"":4,""he"":4}}",1,1,,,,,,,,
1128,simple,,צלחת הנסיכה סופיה סגולה,הנסיכה סופיה,1,0,visible,,,,,taxable,,1,,,0,0,,,,,1,,,13.9,,,,,,,,,,,,31,"{""total"":0,""to_translate"":{""en"":4,""he"":4}}",1,1,,,,,,,,
1129,simple,,צלחת מרובעת סופיה הנסיכה בצבע ורוד,הנסיכה סופיה,1,0,visible,,,,,taxable,,1,,,0,0,,,,,1,,,13.9,,,,,,,,,,,,32,"{""total"":0,""to_translate"":{""en"":4,""he"":4}}",1,1,,,,,,,,
1130,simple,,צלחת מרובעת סופיה הנסיכה בצבע סגול,הנסיכה סופיה,1,0,visible,,,,,taxable,,1,,,0,0,,,,,1,,,17.9,,,,,,,,,,,,33,"{""total"":0,""to_translate"":{""en"":4,""he"":4}}",1,1,,,,,,,,
1131,simple,,מפיות הנסיכה סופיה,הנסיכה סופיה,1,0,visible,,,,,taxable,,1,,,0,0,,,,,1,,,13.9,,,,,,,,,,,,34,"{""total"":0,""to_translate"":{""en"":4,""he"":4}}",1,1,,,,,,,,
1132,simple,,כובעים הנסיכה סופיה,הנסיכה סופיה,1,0,visible,,,,,taxable,,1,,,0,0,,,,,1,,,10.9,,,,,,,,,,,,35,"{""total"":0,""to_translate"":{""en"":4,""he"":4}}",1,1,,,,,,,,
1133,simple,,כוסות פלסטיק הנסיכה סופיה,הנסיכה סופיה,1,0,visible,,,,,taxable,,1,,,0,0,,,,,1,,,9.9,,,,,,,,,,,,36,"{""total"":0,""to_translate"":{""en"":4,""he"":4}}",1,1,,,,,,,,
1134,simple,,בנים מוצרים:,,1,0,visible,,,,,taxable,,1,,,0,0,,,,,1,,,,,,,,,,,,,,,37,"{""total"":0,""to_translate"":{""en"":4,""he"":4}}",1,1,,,,,,,,
1135,simple,,צבי הנינג'ה:,,1,0,visible,,,,,taxable,,1,,,0,0,,,,,1,,,,,,,,,,,,,,,38,"{""total"":0,""to_translate"":{""en"":4,""he"":4}}",1,1,,,,,,,,
1136,simple,,צלחת מרובעת צבי הנינגה,צבי הנינג'ה,1,0,visible,,,,,taxable,,1,,,0,0,,,,,1,,,13.9,,,,,,,,,,,,39,"{""total"":0,""to_translate"":{""en"":4,""he"":4}}",1,1,,,,,,,,
1137,simple,,צלחת מרובעת צבי הנינגה,צבי הנינג'ה,1,0,visible,,,,,taxable,,1,,,0,0,,,,,1,,,17.9,,,,,,,,,,,,40,"{""total"":0,""to_translate"":{""en"":4,""he"":4}}",1,1,,,,,,,,
1138,simple,,כובעים צבי הנינגה,צבי הנינג'ה,1,0,visible,,,,,taxable,,1,,,0,0,,,,,1,,,10.9,,,,,,,,,,,,41,"{""total"":0,""to_translate"":{""en"":4,""he"":4}}",1,1,,,,,,,,
1139,simple,,צלחות עגולות סמי הכבאי,סמי הכבאי,1,0,visible,,,,,taxable,,1,,,0,0,,,,,1,,,9.9,,,,,,,,,,,,42,"{""total"":0,""to_translate"":{""en"":4,""he"":4}}",1,1,,,,,,,,
1140,simple,,כובעים סמי הכבאי,סמי הכבאי,1,0,visible,,,,,taxable,,1,,,0,0,,,,,1,,,10.9,,,,,,,,,,,,43,"{""total"":0,""to_translate"":{""en"":4,""he"":4}}",1,1,,,,,,,,
1141,simple,,מנשפים סמי הכבאי,סמי הכבאי,1,0,visible,,,,,taxable,,1,,,0,0,,,,,1,,,10.9,,,,,,,,,,,,44,"{""total"":0,""to_translate"":{""en"":4,""he"":4}}",1,1,,,,,,,,
1142,simple,,מפרץ ההרפתקאות,כובעים סמי הכבאי,1,0,visible,,,,,taxable,,1,,,0,0,,,,,1,,,,,,,,,,,,,,,45,"{""total"":0,""to_translate"":{""en"":4,""he"":4}}",1,1,,,,,,,,
1143,simple,,צלחת מפרץ ההרפתקאות ,מפרץ ההרפתקאות,1,0,visible,,,,,taxable,,1,,,0,0,,,,,1,,,13.9,,,,,,,,,,,,46,"{""total"":0,""to_translate"":{""en"":4,""he"":4}}",1,1,,,,,,,,
1144,simple,,צלחות קרטון מפרץ ההרפתקאות,מפרץ ההרפתקאות,1,0,visible,,,,,taxable,,1,,,0,0,,,,,1,,,9.9,,,,,,,,,,,,47,"{""total"":0,""to_translate"":{""en"":4,""he"":4}}",1,1,,,,,,,,
1145,simple,,מנשפים מפרץ ההרפתקאות,מפרץ ההרפתקאות,1,0,visible,,,,,taxable,,1,,,0,0,,,,,1,,,,,,,,,,,,,,,48,"{""total"":0,""to_translate"":{""en"":4,""he"":4}}",1,1,,,,,,,,
1146,simple,,כובעים מפרץ ההרפתקאות,מפרץ ההרפתקאות,1,0,visible,,,,,taxable,,1,,,0,0,,,,,1,,,10.9,,,,,,,,,,,,49,"{""total"":0,""to_translate"":{""en"":4,""he"":4}}",1,1,,,,,,,,
1147,simple,,כוסות מפרץ ההרפתקאות,מפרץ ההרפתקאות,1,0,visible,,,,,taxable,,1,,,0,0,,,,,1,,,9.9,,,,,,,,,,,,50,"{""total"":0,""to_translate"":{""en"":4,""he"":4}}",1,1,,,,,,,,
1148,simple,,צלחת מטוסי על ,מטוסי על,1,0,visible,,,,,taxable,,1,,,0,0,,,,,1,,,13.9,,,,,,,,,,,,51,"{""total"":0,""to_translate"":{""en"":4,""he"":4}}",1,1,,,,,,,,
1149,simple,,צלחות קרטון מטוסי על,מטוסי על,1,0,visible,,,,,taxable,,1,,,0,0,,,,,1,,,9.9,,,,,,,,,,,,52,"{""total"":0,""to_translate"":{""en"":4,""he"":4}}",1,1,,,,,,,,
1150,simple,,מפיות מטוסי על,מטוסי על,1,0,visible,,,,,taxable,,1,,,0,0,,,,,1,,,13.9,,,,,,,,,,,,53,"{""total"":0,""to_translate"":{""en"":4,""he"":4}}",1,1,,,,,,,,
1151,simple,,מכוניות מירוץ,מטוסי על,1,0,visible,,,,,taxable,,1,,,0,0,,,,,1,,,,,,,,,,,,,,,54,"{""total"":0,""to_translate"":{""en"":4,""he"":4}}",1,1,,,,,,,,
1152,simple,,פריט:,,1,0,visible,,,,,taxable,,1,,,0,0,,,,,1,,,,,,,,,,,,,,,55,"{""total"":0,""to_translate"":{""en"":4,""he"":4}}",1,1,,,,,,,,
1153,simple,,צלחות ספידי- מכונית מרוץ ,מכוניות מירוץ,1,0,visible,,,,,taxable,,1,,,0,0,,,,,1,,,9.9,,,,,,,,,,,,56,"{""total"":0,""to_translate"":{""en"":4,""he"":4}}",1,1,,,,,,,,
1154,simple,,צלחות ספידי- מכונית מרוץ ,מכוניות מירוץ,1,0,visible,,,,,taxable,,1,,,0,0,,,,,1,,,9.9,,,,,,,,,,,,57,"{""total"":0,""to_translate"":{""en"":4,""he"":4}}",1,1,,,,,,,,
1155,simple,,כוסות ספידי- מכוניות מרוץ,מכוניות מירוץ,1,0,visible,,,,,taxable,,1,,,0,0,,,,,1,,,9.9,,,,,,,,,,,,58,"{""total"":0,""to_translate"":{""en"":4,""he"":4}}",1,1,,,,,,,,
1156,simple,,מפיות ספידי- מכונית מרוץ,מכוניות מירוץ,1,0,visible,,,,,taxable,,1,,,0,0,,,,,1,,,13.9,,,,,,,,,,,,59,"{""total"":0,""to_translate"":{""en"":4,""he"":4}}",1,1,,,,,,,,
1157,simple,,ספיידרמן,מכוניות מירוץ,1,0,visible,,,,,taxable,,1,,,0,0,,,,,1,,,,,,,,,,,,,,,60,"{""total"":0,""to_translate"":{""en"":4,""he"":4}}",1,1,,,,,,,,
1158,simple,,פריט:,,1,0,visible,,,,,taxable,,1,,,0,0,,,,,1,,,,,,,,,,,,,,,61,"{""total"":0,""to_translate"":{""en"":4,""he"":4}}",1,1,,,,,,,,
1159,simple,,צלחות ספיידרמן מרובעת,ספיידרמן,1,0,visible,,,,,taxable,,1,,,0,0,,,,,1,,,17.9,,,,,,,,,,,,62,"{""total"":0,""to_translate"":{""en"":4,""he"":4}}",1,1,,,,,,,,
1160,simple,,צלחות ספיידרמן מרובעת,ספיידרמן,1,0,visible,,,,,taxable,,1,,,0,0,,,,,1,,,13.9,,,,,,,,,,,,63,"{""total"":0,""to_translate"":{""en"":4,""he"":4}}",1,1,,,,,,,,
1161,simple,,צלחות ספיידרמן מרובעת,ספיידרמן,1,0,visible,,,,,taxable,,1,,,0,0,,,,,1,,,17.9,,,,,,,,,,,,64,"{""total"":0,""to_translate"":{""en"":4,""he"":4}}",1,1,,,,,,,,
1162,simple,,צלחות ספיידרמן עגולות ,ספיידרמן,1,0,visible,,,,,taxable,,1,,,0,0,,,,,1,,,13.9,,,,,,,,,,,,65,"{""total"":0,""to_translate"":{""en"":4,""he"":4}}",1,1,,,,,,,,
1163,simple,,מפיות ספיידרמן כחול,ספיידרמן,1,0,visible,,,,,taxable,,1,,,0,0,,,,,1,,,14.9,,,,,,,,,,,,66,"{""total"":0,""to_translate"":{""en"":4,""he"":4}}",1,1,,,,,,,,
1164,simple,,מפיות ספיידרמן ירוק,ספיידרמן,1,0,visible,,,,,taxable,,1,,,0,0,,,,,1,,,13.9,,,,,,,,,,,,67,"{""total"":0,""to_translate"":{""en"":4,""he"":4}}",1,1,,,,,,,,
1165,simple,,כוסות ספיידרמן,ספיידרמן,1,0,visible,,,,,taxable,,1,,,0,0,,,,,1,,,9.9,,,,,,,,,,,,68,"{""total"":0,""to_translate"":{""en"":4,""he"":4}}",1,1,,,,,,,,
1166,simple,,מנשפים ספיידרמן,ספיידרמן,1,0,visible,,,,,taxable,,1,,,0,0,,,,,1,,,10.9,,,,,,,,,,,,69,"{""total"":0,""to_translate"":{""en"":4,""he"":4}}",1,1,,,,,,,,
1167,simple,,דלי פופקורן ספיידרמן בינוני ,ספיידרמן,1,0,visible,,,,,taxable,,1,,,0,0,,,,,1,,,12,,,,,,,,,,,,70,"{""total"":0,""to_translate"":{""en"":4,""he"":4}}",1,1,,,,,,,,
1168,simple,,דלי פופקורן ספיידרמן גדול ,ספיידרמן,1,0,visible,,,,,taxable,,1,,,0,0,,,,,1,,,15,,,,,,,,,,,,71,"{""total"":0,""to_translate"":{""en"":4,""he"":4}}",1,1,,,,,,,,
1169,simple,,באטמן,,1,0,visible,,,,,taxable,,1,,,0,0,,,,,1,,,,,,,,,,,,,,,72,"{""total"":0,""to_translate"":{""en"":4,""he"":4}}",1,1,,,,,,,,
1170,simple,,פריט:,,1,0,visible,,,,,taxable,,1,,,0,0,,,,,1,,,,,,,,,,,,,,,73,"{""total"":0,""to_translate"":{""en"":4,""he"":4}}",1,1,,,,,,,,
1171,simple,,צלחות מרובעות באטמן,באטמן,1,0,visible,,,,,taxable,,1,,,0,0,,,,,1,,,17.9,,,,,,,,,,,,74,"{""total"":0,""to_translate"":{""en"":4,""he"":4}}",1,1,,,,,,,,
1172,simple,,,,1,0,visible,,,,,taxable,,1,,,0,0,,,,,1,,,,,,,,,,,,,,,75,"{""total"":0,""to_translate"":{""en"":4,""he"":4}}",1,1,,,,,,,,
1173,simple,,כוח פיג'י,,1,0,visible,,,,,taxable,,1,,,0,0,,,,,1,,,,,,,,,,,,,,,76,"{""total"":0,""to_translate"":{""en"":4,""he"":4}}",1,1,,,,,,,,
1174,simple,,פריט:,,1,0,visible,,,,,taxable,,1,,,0,0,,,,,1,,,,,,,,,,,,,,,77,"{""total"":0,""to_translate"":{""en"":4,""he"":4}}",1,1,,,,,,,,
1175,simple,,צלחות כוח פיג'י,כוח פיג'י,1,0,visible,,,,,taxable,,1,,,0,0,,,,,1,,,13.9,,,,,,,,,,,,78,"{""total"":0,""to_translate"":{""en"":4,""he"":4}}",1,1,,,,,,,,
1176,simple,,מפיות כוח פיג'י,כוח פיג'י,1,0,visible,,,,,taxable,,1,,,0,0,,,,,1,,,13.9,,,,,,,,,,,,79,"{""total"":0,""to_translate"":{""en"":4,""he"":4}}",1,1,,,,,,,,
1177,simple,,כוסות כוח פיג'י,כוח פיג'י,1,0,visible,,,,,taxable,,1,,,0,0,,,,,1,,,9.9,,,,,,,,,,,,80,"{""total"":0,""to_translate"":{""en"":4,""he"":4}}",1,1,,,,,,,,
1178,simple,,מנשפים כוח פיג'י,כוח פיג'י,1,0,visible,,,,,taxable,,1,,,0,0,,,,,1,,,10.9,,,,,,,,,,,,81,"{""total"":0,""to_translate"":{""en"":4,""he"":4}}",1,1,,,,,,,,
1179,simple,,מינימאוס,,1,0,visible,,,,,taxable,,1,,,0,0,,,,,1,,,,,,,,,,,,,,,82,"{""total"":0,""to_translate"":{""en"":4,""he"":4}}",1,1,,,,,,,,
1180,simple,,פריט:,,1,0,visible,,,,,taxable,,1,,,0,0,,,,,1,,,,,,,,,,,,,,,83,"{""total"":0,""to_translate"":{""en"":4,""he"":4}}",1,1,,,,,,,,
1181,simple,,צלחות קרטון פסטל,מינימאוס,1,0,visible,,,,,taxable,,1,,,0,0,,,,,1,,,9.9,,,,,,,,,,,,84,"{""total"":0,""to_translate"":{""en"":4,""he"":4}}",1,1,,,,,,,,
1182,simple,,צלחות קרטון פסטל ,מינימאוס,1,0,visible,,,,,taxable,,1,,,0,0,,,,,1,,,13.9,,,,,,,,,,,,85,"{""total"":0,""to_translate"":{""en"":4,""he"":4}}",1,1,,,,,,,,
1183,simple,,מפיות פסטל,מינימאוס,1,0,visible,,,,,taxable,,1,,,0,0,,,,,1,,,13.9,,,,,,,,,,,,86,"{""total"":0,""to_translate"":{""en"":4,""he"":4}}",1,1,,,,,,,,
1184,simple,,מפיות אבטיח,מינימאוס,1,0,visible,,,,,taxable,,1,,,0,0,,,,,1,,,13.9,,,,,,,,,,,,87,"{""total"":0,""to_translate"":{""en"":4,""he"":4}}",1,1,,,,,,,,
1185,simple,,כוסות פלסטיק אבטיחים,מינימאוס,1,0,visible,,,,,taxable,,1,,,0,0,,,,,1,,,9.9,,,,,,,,,,,,88,"{""total"":0,""to_translate"":{""en"":4,""he"":4}}",1,1,,,,,,,,
1186,simple,,צלחות קרטון אבטיחים,מינימאוס,1,0,visible,,,,,taxable,,1,,,0,0,,,,,1,,,13.9,,,,,,,,,,,,89,"{""total"":0,""to_translate"":{""en"":4,""he"":4}}",1,1,,,,,,,,
1187,simple,,כוסות תותים מיני מאוס,מינימאוס,1,0,visible,,,,,taxable,,1,,,0,0,,,,,1,,,9.9,,,,,,,,,,,,90,"{""total"":0,""to_translate"":{""en"":4,""he"":4}}",1,1,,,,,,,,
1188,simple,,צלחות קרטון מיני מאוס קאפקייקס,מינימאוס,1,0,visible,,,,,taxable,,1,,,0,0,,,,,1,,,13.9,,,,,,,,,,,,91,"{""total"":0,""to_translate"":{""en"":4,""he"":4}}",1,1,,,,,,,,
1189,simple,,כוסות פלסטיק מיני מאוס קאפקייקס,מינימאוס,1,0,visible,,,,,taxable,,1,,,0,0,,,,,1,,,9.9,,,,,,,,,,,,92,"{""total"":0,""to_translate"":{""en"":4,""he"":4}}",1,1,,,,,,,,
1190,simple,,כוס תלת מימדית קשיחה מיני מאוס,מינימאוס,1,0,visible,,,,,taxable,,1,,,0,0,,,,,1,,,7.9,,,,,,,,,,,,93,"{""total"":0,""to_translate"":{""en"":4,""he"":4}}",1,1,,,,,,,,
1191,simple,,מנשפים מיני מאוס,מינימאוס,1,0,visible,,,,,taxable,,1,,,0,0,,,,,1,,,10.9,,,,,,,,,,,,94,"{""total"":0,""to_translate"":{""en"":4,""he"":4}}",1,1,,,,,,,,
1192,simple,,מפיות מיני מאוס פוקסיה,מינימאוס,1,0,visible,,,,,taxable,,1,,,0,0,,,,,1,,,13.9,,,,,,,,,,,,95,"{""total"":0,""to_translate"":{""en"":4,""he"":4}}",1,1,,,,,,,,
1193,simple,,כובעים מיני מאוס פוקסיה,מינימאוס,1,0,visible,,,,,taxable,,1,,,0,0,,,,,1,,,10.9,,,,,,,,,,,,96,"{""total"":0,""to_translate"":{""en"":4,""he"":4}}",1,1,,,,,,,,
1194,simple,,מיקימאוס,,1,0,visible,,,,,taxable,,1,,,0,0,,,,,1,,,,,,,,,,,,,,,97,"{""total"":0,""to_translate"":{""en"":4,""he"":4}}",1,1,,,,,,,,
1195,simple,,פריט:,,1,0,visible,,,,,taxable,,1,,,0,0,,,,,1,,,,,,,,,,,,,,,98,"{""total"":0,""to_translate"":{""en"":4,""he"":4}}",1,1,,,,,,,,
1196,simple,,צלחת קרטון ,מיקימאוס,1,0,visible,,,,,taxable,,1,,,0,0,,,,,1,,,13.9,,,,,,,,,,,,99,"{""total"":0,""to_translate"":{""en"":4,""he"":4}}",1,1,,,,,,,,
1197,simple,,צלחת מיקי מאוס צהוב,מיקימאוס,1,0,visible,,,,,taxable,,1,,,0,0,,,,,1,,,10.9,,,,,,,,,,,,100,"{""total"":0,""to_translate"":{""en"":4,""he"":4}}",1,1,,,,,,,,
1198,simple,,מפיות מיקי ומיני מאוס,מיקימאוס,1,0,visible,,,,,taxable,,1,,,0,0,,,,,1,,,13.9,,,,,,,,,,,,101,"{""total"":0,""to_translate"":{""en"":4,""he"":4}}",1,1,,,,,,,,
1199,simple,,דלי פופקורן גדול מיקי מאוס,מיקימאוס,1,0,visible,,,,,taxable,,1,,,0,0,,,,,1,,,15.9,,,,,,,,,,,,102,"{""total"":0,""to_translate"":{""en"":4,""he"":4}}",1,1,,,,,,,,
1200,simple,,דלי פופקורן מיקי מאוס תלת מימד ,מיקימאוס,1,0,visible,,,,,taxable,,1,,,0,0,,,,,1,,,6,,,,,,,,,,,,103,"{""total"":0,""to_translate"":{""en"":4,""he"":4}}",1,1,,,,,,,,
1201,simple,,כובעים מיקי מאוס,מיקימאוס,1,0,visible,,,,,taxable,,1,,,0,0,,,,,1,,,10.9,,,,,,,,,,,,104,"{""total"":0,""to_translate"":{""en"":4,""he"":4}}",1,1,,,,,,,,
1202,simple,,מיקימאוס גיל שנה,מיקימאוס,1,0,visible,,,,,taxable,,1,,,0,0,,,,,1,,,,,,,,,,,,,,,105,"{""total"":0,""to_translate"":{""en"":4,""he"":4}}",1,1,,,,,,,,
1203,simple,,צלחות מיקימאוס גיל שנה,מיקימאוס,1,0,visible,,,,,taxable,,1,,,0,0,,,,,1,,,,,,,,,,,,,,,106,"{""total"":0,""to_translate"":{""en"":4,""he"":4}}",1,1,,,,,,,,
1204,simple,,מפיות מיקי מאוס גיל שנה,מיקימאוס,1,0,visible,,,,,taxable,,1,,,0,0,,,,,1,,,13.9,,,,,,,,,,,,107,"{""total"":0,""to_translate"":{""en"":4,""he"":4}}",1,1,,,,,,,,
1205,simple,,כוסות מיקי מאוס גיל שנה,מיקימאוס,1,0,visible,,,,,taxable,,1,,,0,0,,,,,1,,,9.9,,,,,,,,,,,,108,"{""total"":0,""to_translate"":{""en"":4,""he"":4}}",1,1,,,,,,,,
1206,simple,,בנות:,,1,0,visible,,,,,taxable,,1,,,0,0,,,,,1,,,,,,,,,,,,,,,109,"{""total"":0,""to_translate"":{""en"":4,""he"":4}}",1,1,,,,,,,,
1207,simple,,בת הים,,1,0,visible,,,,,taxable,,1,,,0,0,,,,,1,,,,,,,,,,,,,,,110,"{""total"":0,""to_translate"":{""en"":4,""he"":4}}",1,1,,,,,,,,
1208,simple,,פריט:,,1,0,visible,,,,,taxable,,1,,,0,0,,,,,1,,,,,,,,,,,,,,,111,"{""total"":0,""to_translate"":{""en"":4,""he"":4}}",1,1,,,,,,,,
1209,simple,,צלחת קרטון פסטל,בת הים,1,0,visible,,,,,taxable,,1,,,0,0,,,,,1,,,13.9,,,,,,,,,,,,112,"{""total"":0,""to_translate"":{""en"":4,""he"":4}}",1,1,,,,,,,,
1210,simple,,מפיות ים ,בת הים,1,0,visible,,,,,taxable,,1,,,0,0,,,,,1,,,13.9,,,,,,,,,,,,113,"{""total"":0,""to_translate"":{""en"":4,""he"":4}}",1,1,,,,,,,,
1211,simple,,כוסות פלסטיק ורוד בייבי ים,בת הים,1,0,visible,,,,,taxable,,1,,,0,0,,,,,1,,,9.9,,,,,,,,,,,,114,"{""total"":0,""to_translate"":{""en"":4,""he"":4}}",1,1,,,,,,,,
1212,simple,,צלחות קרטון בת הים מרובע זהב,בת הים,1,0,visible,,,,,taxable,,1,,,0,0,,,,,1,,,18.9,,,,,,,,,,,,115,"{""total"":0,""to_translate"":{""en"":4,""he"":4}}",1,1,,,,,,,,
1213,simple,,מיניונים,,1,0,visible,,,,,taxable,,1,,,0,0,,,,,1,,,,,,,,,,,,,,,116,"{""total"":0,""to_translate"":{""en"":4,""he"":4}}",1,1,,,,,,,,
1214,simple,,פריט:,,1,0,visible,,,,,taxable,,1,,,0,0,,,,,1,,,,,,,,,,,,,,,117,"{""total"":0,""to_translate"":{""en"":4,""he"":4}}",1,1,,,,,,,,
1215,simple,,צלחת מיניון תכלת,מיניונים,1,0,visible,,,,,taxable,,1,,,0,0,,,,,1,,,9.9,,,,,,,,,,,,118,"{""total"":0,""to_translate"":{""en"":4,""he"":4}}",1,1,,,,,,,,
1216,simple,,צלחות מניונים צהוב,מיניונים,1,0,visible,,,,,taxable,,1,,,0,0,,,,,1,,,13.9,,,,,,,,,,,,119,"{""total"":0,""to_translate"":{""en"":4,""he"":4}}",1,1,,,,,,,,
1217,simple,,צלחת מיניון מרובעת,מיניונים,1,0,visible,,,,,taxable,,1,,,0,0,,,,,1,,,13.9,,,,,,,,,,,,120,"{""total"":0,""to_translate"":{""en"":4,""he"":4}}",1,1,,,,,,,,
1218,simple,,צלחת מיניון מרובעת מסיבה,מיניונים,1,0,visible,,,,,taxable,,1,,,0,0,,,,,1,,,17.9,,,,,,,,,,,,121,"{""total"":0,""to_translate"":{""en"":4,""he"":4}}",1,1,,,,,,,,
1219,simple,,מפיות מיניון צהוב,מיניונים,1,0,visible,,,,,taxable,,1,,,0,0,,,,,1,,,13.9,,,,,,,,,,,,122,"{""total"":0,""to_translate"":{""en"":4,""he"":4}}",1,1,,,,,,,,
1220,simple,,מנשפים מיניון ,מיניונים,1,0,visible,,,,,taxable,,1,,,0,0,,,,,1,,,10.9,,,,,,,,,,,,123,"{""total"":0,""to_translate"":{""en"":4,""he"":4}}",1,1,,,,,,,,
1221,simple,,כוסות קרטון מיניון מסיבה,מיניונים,1,0,visible,,,,,taxable,,1,,,0,0,,,,,1,,,12.9,,,,,,,,,,,,124,"{""total"":0,""to_translate"":{""en"":4,""he"":4}}",1,1,,,,,,,,
1222,simple,,כוסות קרטון מיניון ,מיניונים,1,0,visible,,,,,taxable,,1,,,0,0,,,,,1,,,12.9,,,,,,,,,,,,125,"{""total"":0,""to_translate"":{""en"":4,""he"":4}}",1,1,,,,,,,,
1223,simple,,כוסות פלסטיק מיניון,מיניונים,1,0,visible,,,,,taxable,,1,,,0,0,,,,,1,,,9.9,,,,,,,,,,,,126,"{""total"":0,""to_translate"":{""en"":4,""he"":4}}",1,1,,,,,,,,
1224,simple,,דלי פופקורן גדול פלסטיק,מיניונים,1,0,visible,,,,,taxable,,1,,,0,0,,,,,1,,,15,,,,,,,,,,,,127,"{""total"":0,""to_translate"":{""en"":4,""he"":4}}",1,1,,,,,,,,
1225,simple,,דלי פופקורן תלת מימד מניון,מיניונים,1,0,visible,,,,,taxable,,1,,,0,0,,,,,1,,,,,,,,,,,,,,,128,"{""total"":0,""to_translate"":{""en"":4,""he"":4}}",1,1,,,,,,,,
1226,simple,,דלי פופקורן בינוני ,מיניונים,1,0,visible,,,,,taxable,,1,,,0,0,,,,,1,,,12,,,,,,,,,,,,129,"{""total"":0,""to_translate"":{""en"":4,""he"":4}}",1,1,,,,,,,,
1227,simple,,חד קרן ,,1,0,visible,,,,,taxable,,1,,,0,0,,,,,1,,,,,,,,,,,,,,,130,"{""total"":0,""to_translate"":{""en"":4,""he"":4}}",1,1,,,,,,,,
1228,simple,,פריט:,,1,0,visible,,,,,taxable,,1,,,0,0,,,,,1,,,,,,,,,,,,,,,131,"{""total"":0,""to_translate"":{""en"":4,""he"":4}}",1,1,,,,,,,,
1229,simple,,צלחות חד קרן לבן זהב מסביב ,חד קרן ,1,0,visible,,,,,taxable,,1,,,0,0,,,,,1,,,13.9,,,,,,,,,,,,132,"{""total"":0,""to_translate"":{""en"":4,""he"":4}}",1,1,,,,,,,,
1230,simple,,מפיות חד קרן לבן זהב מסביב ,חד קרן ,1,0,visible,,,,,taxable,,1,,,0,0,,,,,1,,,13.9,,,,,,,,,,,,133,"{""total"":0,""to_translate"":{""en"":4,""he"":4}}",1,1,,,,,,,,
1231,simple,,מפיות מטבע זהב חד קרן ,חד קרן ,1,0,visible,,,,,taxable,,1,,,0,0,,,,,1,,,16.9,,,,,,,,,,,,134,"{""total"":0,""to_translate"":{""en"":4,""he"":4}}",1,1,,,,,,,,
1232,simple,,מפיות חד קרן ריסים,חד קרן ,1,0,visible,,,,,taxable,,1,,,0,0,,,,,1,,,9.9,,,,,,,,,,,,135,"{""total"":0,""to_translate"":{""en"":4,""he"":4}}",1,1,,,,,,,,
1233,simple,,כוסות חד קרן ריסים (קרטון),חד קרן ,1,0,visible,,,,,taxable,,1,,,0,0,,,,,1,,,9.9,,,,,,,,,,,,136,"{""total"":0,""to_translate"":{""en"":4,""he"":4}}",1,1,,,,,,,,
1234,simple,,מנשפים חד קרן זהב,חד קרן ,1,0,visible,,,,,taxable,,1,,,0,0,,,,,1,,,14.9,,,,,,,,,,,,137,"{""total"":0,""to_translate"":{""en"":4,""he"":4}}",1,1,,,,,,,,
1235,simple,,מנשפים חד קרן כסף,חד קרן ,1,0,visible,,,,,taxable,,1,,,0,0,,,,,1,,,10,,,,,,,,,,,,138,"{""total"":0,""to_translate"":{""en"":4,""he"":4}}",1,1,,,,,,,,
1236,simple,,פלייסמיט חד קרן מוטבע זהב ,חד קרן ,1,0,visible,,,,,taxable,,1,,,0,0,,,,,1,,,19,,,,,,,,,,,,139,"{""total"":0,""to_translate"":{""en"":4,""he"":4}}",1,1,,,,,,,,
1237,simple,,צלחות קרטון ורוד חד קרן ,חד קרן ,1,0,visible,,,,,taxable,,1,,,0,0,,,,,1,,,10.9,,,,,,,,,,,,140,"{""total"":0,""to_translate"":{""en"":4,""he"":4}}",1,1,,,,,,,,
1238,simple,,קופסאות קרטון חד קרן מוטבע זהב כוכבים זהב ,חד קרן ,1,0,visible,,,,,taxable,,1,,,0,0,,,,,1,,,11.9,,,,,,,,,,,,141,"{""total"":0,""to_translate"":{""en"":4,""he"":4}}",1,1,,,,,,,,
1239,simple,,קופסאות קרטון חד קרן מוטבע זהב כוכבים צבעוני ,חד קרן ,1,0,visible,,,,,taxable,,1,,,0,0,,,,,1,,,15.9,,,,,,,,,,,,142,"{""total"":0,""to_translate"":{""en"":4,""he"":4}}",1,1,,,,,,,,
1240,simple,,קופסאת פופקורן גדול חד קרן ,חד קרן ,1,0,visible,,,,,taxable,,1,,,0,0,,,,,1,,,5.9,,,,,,,,,,,,143,"{""total"":0,""to_translate"":{""en"":4,""he"":4}}",1,1,,,,,,,,
1241,simple,,דגלים חד קרן מטבע ,חד קרן ,1,0,visible,,,,,taxable,,1,,,0,0,,,,,1,,,19.9,,,,,,,,,,,,144,"{""total"":0,""to_translate"":{""en"":4,""he"":4}}",1,1,,,,,,,,
1242,simple,,חד קרן פלסטיק לסוכריות,חד קרן ,1,0,visible,,,,,taxable,,1,,,0,0,,,,,1,,,3,,,,,,,,,,,,145,"{""total"":0,""to_translate"":{""en"":4,""he"":4}}",1,1,,,,,,,,
1243,simple,,עטים פייטים,חד קרן ,1,0,visible,,,,,taxable,,1,,,0,0,,,,,1,,,3,,,,,,,,,,,,146,"{""total"":0,""to_translate"":{""en"":4,""he"":4}}",1,1,,,,,,,,
1244,simple,,נרות זהב חד קרן ,חד קרן ,1,0,visible,,,,,taxable,,1,,,0,0,,,,,1,,,10.9,,,,,,,,,,,,147,"{""total"":0,""to_translate"":{""en"":4,""he"":4}}",1,1,,,,,,,,
1245,simple,,נרות ורוד חד קרן,חד קרן ,1,0,visible,,,,,taxable,,1,,,0,0,,,,,1,,,10.9,,,,,,,,,,,,148,"{""total"":0,""to_translate"":{""en"":4,""he"":4}}",1,1,,,,,,,,
1246,simple,,נר חד קרן כסף,חד קרן ,1,0,visible,,,,,taxable,,1,,,0,0,,,,,1,,,10,,,,,,,,,,,,149,"{""total"":0,""to_translate"":{""en"":4,""he"":4}}",1,1,,,,,,,,
1247,simple,,נר חד קרן ורוד +סגול,חד קרן ,1,0,visible,,,,,taxable,,1,,,0,0,,,,,1,,,8,,,,,,,,,,,,150,"{""total"":0,""to_translate"":{""en"":4,""he"":4}}",1,1,,,,,,,,
1248,simple,,שקיות ניילון ורוד קשיח חד קרן,חד קרן ,1,0,visible,,,,,taxable,,1,,,0,0,,,,,1,,,3,,,,,,,,,,,,151,"{""total"":0,""to_translate"":{""en"":4,""he"":4}}",1,1,,,,,,,,
1249,simple,,שקיות קרטון קטן עם פפיון ,חד קרן ,1,0,visible,,,,,taxable,,1,,,0,0,,,,,1,,,2.5,,,,,,,,,,,,152,"{""total"":0,""to_translate"":{""en"":4,""he"":4}}",1,1,,,,,,,,
1250,simple,,קשט חד קרן פייטים ,חד קרן ,1,0,visible,,,,,taxable,,1,,,0,0,,,,,1,,,6,,,,,,,,,,,,153,"{""total"":0,""to_translate"":{""en"":4,""he"":4}}",1,1,,,,,,,,
1251,simple,,בלון חד קרן ניפוח עצמי ,חד קרן ,1,0,visible,,,,,taxable,,1,,,0,0,,,,,1,,,25,,,,,,,,,,,,154,"{""total"":0,""to_translate"":{""en"":4,""he"":4}}",1,1,,,,,,,,
1252,simple,,בלון חד קרן על מקל ניפוח עצמי,חד קרן ,1,0,visible,,,,,taxable,,1,,,0,0,,,,,1,,,10.9,,,,,,,,,,,,155,"{""total"":0,""to_translate"":{""en"":4,""he"":4}}",1,1,,,,,,,,
1253,simple,,קונפטי חד קרן ,חד קרן ,1,0,visible,,,,,taxable,,1,,,0,0,,,,,1,,,8.9,,,,,,,,,,,,156,"{""total"":0,""to_translate"":{""en"":4,""he"":4}}",1,1,,,,,,,,
1254,simple,,וינטג' מוצרים:,,1,0,visible,,,,,taxable,,1,,,0,0,,,,,1,,,,,,,,,,,,,,,157,"{""total"":0,""to_translate"":{""en"":4,""he"":4}}",1,1,,,,,,,,
1255,simple,,צבע שמנת,,1,0,visible,,,,,taxable,,1,,,0,0,,,,,1,,,,,,,,,,,,,,,158,"{""total"":0,""to_translate"":{""en"":4,""he"":4}}",1,1,,,,,,,,
1256,simple,,פריט:,,1,0,visible,,,,,taxable,,1,,,0,0,,,,,1,,,,,,,,,,,,,,,159,"{""total"":0,""to_translate"":{""en"":4,""he"":4}}",1,1,,,,,,,,
1257,simple,,מרקיות וינטאג שמנת,צבע שמנת,1,0,visible,,,,,taxable,,1,,,0,0,,,,,1,,,14.9,,,,,,,,,,,,160,"{""total"":0,""to_translate"":{""en"":4,""he"":4}}",1,1,,,,,,,,
1258,simple,,צלחות וינטאג שמנת 22 סמ,צבע שמנת,1,0,visible,,,,,taxable,,1,,,0,0,,,,,1,,,19.9,,,,,,,,,,,,161,"{""total"":0,""to_translate"":{""en"":4,""he"":4}}",1,1,,,,,,,,
1259,simple,,צלחות וינטאג שמנת 25 סמ,צבע שמנת,1,0,visible,,,,,taxable,,1,,,0,0,,,,,1,,,24.9,,,,,,,,,,,,162,"{""total"":0,""to_translate"":{""en"":4,""he"":4}}",1,1,,,,,,,,
1260,simple,,קסרול וינטאג שמנת,צבע שמנת,1,0,visible,,,,,taxable,,1,,,0,0,,,,,1,,,9.9,,,,,,,,,,,,163,"{""total"":0,""to_translate"":{""en"":4,""he"":4}}",1,1,,,,,,,,
1261,simple,,מגשי וינטאג שמנת,צבע שמנת,1,0,visible,,,,,taxable,,1,,,0,0,,,,,1,,,9.9,,,,,,,,,,,,164,"{""total"":0,""to_translate"":{""en"":4,""he"":4}}",1,1,,,,,,,,
1262,simple,,מזלגות,צבע שמנת,1,0,visible,,,,,taxable,,1,,,0,0,,,,,1,,,6.9,,,,,,,,,,,,165,"{""total"":0,""to_translate"":{""en"":4,""he"":4}}",1,1,,,,,,,,
1263,simple,,כפות,צבע שמנת,1,0,visible,,,,,taxable,,1,,,0,0,,,,,1,,,6.9,,,,,,,,,,,,166,"{""total"":0,""to_translate"":{""en"":4,""he"":4}}",1,1,,,,,,,,
1264,simple,,כפות הגשה,צבע שמנת,1,0,visible,,,,,taxable,,1,,,0,0,,,,,1,,,4.9,,,,,,,,,,,,167,"{""total"":0,""to_translate"":{""en"":4,""he"":4}}",1,1,,,,,,,,
1265,simple,,כפיות,צבע שמנת,1,0,visible,,,,,taxable,,1,,,0,0,,,,,1,,,2.9,,,,,,,,,,,,168,"{""total"":0,""to_translate"":{""en"":4,""he"":4}}",1,1,,,,,,,,
1266,simple,,סכינים,צבע שמנת,1,0,visible,,,,,taxable,,1,,,0,0,,,,,1,,,6.9,,,,,,,,,,,,169,"{""total"":0,""to_translate"":{""en"":4,""he"":4}}",1,1,,,,,,,,
1267,simple,,קערות הגשה וינטאג שמנת,צבע שמנת,1,0,visible,,,,,taxable,,1,,,0,0,,,,,1,,,12.9,,,,,,,,,,,,170,"{""total"":0,""to_translate"":{""en"":4,""he"":4}}",1,1,,,,,,,,
1268,simple,,ורוד פסטל,,1,0,visible,,,,,taxable,,1,,,0,0,,,,,1,,,,,,,,,,,,,,,171,"{""total"":0,""to_translate"":{""en"":4,""he"":4}}",1,1,,,,,,,,
1269,simple,,פריט:,,1,0,visible,,,,,taxable,,1,,,0,0,,,,,1,,,,,,,,,,,,,,,172,"{""total"":0,""to_translate"":{""en"":4,""he"":4}}",1,1,,,,,,,,
1270,simple,,מרקיות וינטאג ורוד עתיק,ורוד פסטל,1,0,visible,,,,,taxable,,1,,,0,0,,,,,1,,,14.9,,,,,,,,,,,,173,"{""total"":0,""to_translate"":{""en"":4,""he"":4}}",1,1,,,,,,,,
1271,simple,,צלחת וינטאג ורוד עתיק 18 סמ,ורוד פסטל,1,0,visible,,,,,taxable,,1,,,0,0,,,,,1,,,14.9,,,,,,,,,,,,174,"{""total"":0,""to_translate"":{""en"":4,""he"":4}}",1,1,,,,,,,,
1272,simple,,צלחות ויטאג ורוד עתיק 22 סמ,ורוד פסטל,1,0,visible,,,,,taxable,,1,,,0,0,,,,,1,,,19.9,,,,,,,,,,,,175,"{""total"":0,""to_translate"":{""en"":4,""he"":4}}",1,1,,,,,,,,
1273,simple,,קסרול וינטאג ורוד עתיק,ורוד פסטל,1,0,visible,,,,,taxable,,1,,,0,0,,,,,1,,,9.9,,,,,,,,,,,,176,"{""total"":0,""to_translate"":{""en"":4,""he"":4}}",1,1,,,,,,,,
1274,simple,,מזלגות,ורוד פסטל,1,0,visible,,,,,taxable,,1,,,0,0,,,,,1,,,6.9,,,,,,,,,,,,177,"{""total"":0,""to_translate"":{""en"":4,""he"":4}}",1,1,,,,,,,,
1275,simple,,כפות,ורוד פסטל,1,0,visible,,,,,taxable,,1,,,0,0,,,,,1,,,6.9,,,,,,,,,,,,178,"{""total"":0,""to_translate"":{""en"":4,""he"":4}}",1,1,,,,,,,,
1276,simple,,כפות הגשה ,ורוד פסטל,1,0,visible,,,,,taxable,,1,,,0,0,,,,,1,,,4.9,,,,,,,,,,,,179,"{""total"":0,""to_translate"":{""en"":4,""he"":4}}",1,1,,,,,,,,
1277,simple,,כפיות,ורוד פסטל,1,0,visible,,,,,taxable,,1,,,0,0,,,,,1,,,2.9,,,,,,,,,,,,180,"{""total"":0,""to_translate"":{""en"":4,""he"":4}}",1,1,,,,,,,,
1278,simple,,מנטה,,1,0,visible,,,,,taxable,,1,,,0,0,,,,,1,,,,,,,,,,,,,,,181,"{""total"":0,""to_translate"":{""en"":4,""he"":4}}",1,1,,,,,,,,
1279,simple,,פריט:,,1,0,visible,,,,,taxable,,1,,,0,0,,,,,1,,,,,,,,,,,,,,,182,"{""total"":0,""to_translate"":{""en"":4,""he"":4}}",1,1,,,,,,,,
1280,simple,,מרקיות וינטאג מנטה,מנטה,1,0,visible,,,,,taxable,,1,,,0,0,,,,,1,,,14.9,,,,,,,,,,,,183,"{""total"":0,""to_translate"":{""en"":4,""he"":4}}",1,1,,,,,,,,
1281,simple,,צלחות וינטאג מנטה 22 סמ,מנטה,1,0,visible,,,,,taxable,,1,,,0,0,,,,,1,,,19.9,,,,,,,,,,,,184,"{""total"":0,""to_translate"":{""en"":4,""he"":4}}",1,1,,,,,,,,
1282,simple,,צלחות וינטאג מנטה 18 סמ,מנטה,1,0,visible,,,,,taxable,,1,,,0,0,,,,,1,,,14.9,,,,,,,,,,,,185,"{""total"":0,""to_translate"":{""en"":4,""he"":4}}",1,1,,,,,,,,
1283,simple,,צלחות וינטאג מנטה 25 סמ,מנטה,1,0,visible,,,,,taxable,,1,,,0,0,,,,,1,,,24.9,,,,,,,,,,,,186,"{""total"":0,""to_translate"":{""en"":4,""he"":4}}",1,1,,,,,,,,
1284,simple,,קסרול וינטאג מנטה,מנטה,1,0,visible,,,,,taxable,,1,,,0,0,,,,,1,,,9.9,,,,,,,,,,,,187,"{""total"":0,""to_translate"":{""en"":4,""he"":4}}",1,1,,,,,,,,
1285,simple,,קערות הגשה וינטאג מנטה,מנטה,1,0,visible,,,,,taxable,,1,,,0,0,,,,,1,,,9.9,,,,,,,,,,,,188,"{""total"":0,""to_translate"":{""en"":4,""he"":4}}",1,1,,,,,,,,
1286,simple,,מזלגות,מנטה,1,0,visible,,,,,taxable,,1,,,0,0,,,,,1,,,6.9,,,,,,,,,,,,189,"{""total"":0,""to_translate"":{""en"":4,""he"":4}}",1,1,,,,,,,,
1287,simple,,כפות,מנטה,1,0,visible,,,,,taxable,,1,,,0,0,,,,,1,,,6.9,,,,,,,,,,,,190,"{""total"":0,""to_translate"":{""en"":4,""he"":4}}",1,1,,,,,,,,
1288,simple,,כפיות,מנטה,1,0,visible,,,,,taxable,,1,,,0,0,,,,,1,,,2.9,,,,,,,,,,,,191,"{""total"":0,""to_translate"":{""en"":4,""he"":4}}",1,1,,,,,,,,
1289,simple,,סכינים,מנטה,1,0,visible,,,,,taxable,,1,,,0,0,,,,,1,,,6.9,,,,,,,,,,,,192,"{""total"":0,""to_translate"":{""en"":4,""he"":4}}",1,1,,,,,,,,
1290,simple,,כפות הגשה,מנטה,1,0,visible,,,,,taxable,,1,,,0,0,,,,,1,,,4.9,,,,,,,,,,,,193,"{""total"":0,""to_translate"":{""en"":4,""he"":4}}",1,1,,,,,,,,
1291,simple,,לבן,,1,0,visible,,,,,taxable,,1,,,0,0,,,,,1,,,,,,,,,,,,,,,194,"{""total"":0,""to_translate"":{""en"":4,""he"":4}}",1,1,,,,,,,,
1292,simple,,פריט:,,1,0,visible,,,,,taxable,,1,,,0,0,,,,,1,,,,,,,,,,,,,,,195,"{""total"":0,""to_translate"":{""en"":4,""he"":4}}",1,1,,,,,,,,
1293,simple,,מרקיות וינטאג לבן,לבן,1,0,visible,,,,,taxable,,1,,,0,0,,,,,1,,,12.9,,,,,,,,,,,,196,"{""total"":0,""to_translate"":{""en"":4,""he"":4}}",1,1,,,,,,,,
1294,simple,,צלחות וינטאג לבן 18 סמ,לבן,1,0,visible,,,,,taxable,,1,,,0,0,,,,,1,,,14.9,,,,,,,,,,,,197,"{""total"":0,""to_translate"":{""en"":4,""he"":4}}",1,1,,,,,,,,
1295,simple,,צלחות וינטאג לבן 22 סמ,לבן,1,0,visible,,,,,taxable,,1,,,0,0,,,,,1,,,19.9,,,,,,,,,,,,198,"{""total"":0,""to_translate"":{""en"":4,""he"":4}}",1,1,,,,,,,,
1296,simple,,צלחות וינטאג לבן 25 סמ,לבן,1,0,visible,,,,,taxable,,1,,,0,0,,,,,1,,,24.9,,,,,,,,,,,,199,"{""total"":0,""to_translate"":{""en"":4,""he"":4}}",1,1,,,,,,,,
1297,simple,,קסרול וינטאג לבן,לבן,1,0,visible,,,,,taxable,,1,,,0,0,,,,,1,,,9.9,,,,,,,,,,,,200,"{""total"":0,""to_translate"":{""en"":4,""he"":4}}",1,1,,,,,,,,
1298,simple,,מגשי וינטאג לבן,לבן,1,0,visible,,,,,taxable,,1,,,0,0,,,,,1,,,9.9,,,,,,,,,,,,201,"{""total"":0,""to_translate"":{""en"":4,""he"":4}}",1,1,,,,,,,,
1299,simple,,מזלגות,לבן,1,0,visible,,,,,taxable,,1,,,0,0,,,,,1,,,6.9,,,,,,,,,,,,202,"{""total"":0,""to_translate"":{""en"":4,""he"":4}}",1,1,,,,,,,,
1300,simple,,כפות,לבן,1,0,visible,,,,,taxable,,1,,,0,0,,,,,1,,,6.9,,,,,,,,,,,,203,"{""total"":0,""to_translate"":{""en"":4,""he"":4}}",1,1,,,,,,,,
1301,simple,,כפיות,לבן,1,0,visible,,,,,taxable,,1,,,0,0,,,,,1,,,2.9,,,,,,,,,,,,204,"{""total"":0,""to_translate"":{""en"":4,""he"":4}}",1,1,,,,,,,,
1302,simple,,סכינים,לבן,1,0,visible,,,,,taxable,,1,,,0,0,,,,,1,,,6.9,,,,,,,,,,,,205,"{""total"":0,""to_translate"":{""en"":4,""he"":4}}",1,1,,,,,,,,
1303,simple,,קערות הגשה וינטאג לבן,לבן,1,0,visible,,,,,taxable,,1,,,0,0,,,,,1,,,11.9,,,,,,,,,,,,206,"{""total"":0,""to_translate"":{""en"":4,""he"":4}}",1,1,,,,,,,,
1304,simple,,קערות (?),,1,0,visible,,,,,taxable,,1,,,0,0,,,,,1,,,12.9,,,,,,,,,,,,207,"{""total"":0,""to_translate"":{""en"":4,""he"":4}}",1,1,,,,,,,,
1305,simple,,כפות הגשה,קערות,1,0,visible,,,,,taxable,,1,,,0,0,,,,,1,,,4.9,,,,,,,,,,,,208,"{""total"":0,""to_translate"":{""en"":4,""he"":4}}",1,1,,,,,,,,
1306,simple,,זהב,,1,0,visible,,,,,taxable,,1,,,0,0,,,,,1,,,,,,,,,,,,,,,209,"{""total"":0,""to_translate"":{""en"":4,""he"":4}}",1,1,,,,,,,,
1307,simple,,פריט:,,1,0,visible,,,,,taxable,,1,,,0,0,,,,,1,,,,,,,,,,,,,,,210,"{""total"":0,""to_translate"":{""en"":4,""he"":4}}",1,1,,,,,,,,
1308,simple,,מרקיות וינטאג זהב ,זהב,1,0,visible,,,,,taxable,,1,,,0,0,,,,,1,,,14.9,,,,,,,,,,,,211,"{""total"":0,""to_translate"":{""en"":4,""he"":4}}",1,1,,,,,,,,
1309,simple,,צלחות וינטאג זהב 22 סמ,זהב,1,0,visible,,,,,taxable,,1,,,0,0,,,,,1,,,19.9,,,,,,,,,,,,212,"{""total"":0,""to_translate"":{""en"":4,""he"":4}}",1,1,,,,,,,,
1310,simple,,צלחות וינטאג זהב 25 סמ,זהב,1,0,visible,,,,,taxable,,1,,,0,0,,,,,1,,,24.9,,,,,,,,,,,,213,"{""total"":0,""to_translate"":{""en"":4,""he"":4}}",1,1,,,,,,,,
1311,simple,,מגשי וינטאג זהב,זהב,1,0,visible,,,,,taxable,,1,,,0,0,,,,,1,,,11.9,,,,,,,,,,,,214,"{""total"":0,""to_translate"":{""en"":4,""he"":4}}",1,1,,,,,,,,
1312,simple,,קערות הגשה וינטאג זהב,זהב,1,0,visible,,,,,taxable,,1,,,0,0,,,,,1,,,11.9,,,,,,,,,,,,215,"{""total"":0,""to_translate"":{""en"":4,""he"":4}}",1,1,,,,,,,,
1313,simple,,שחור,,1,0,visible,,,,,taxable,,1,,,0,0,,,,,1,,,,,,,,,,,,,,,216,"{""total"":0,""to_translate"":{""en"":4,""he"":4}}",1,1,,,,,,,,
1314,simple,,פריט:,,1,0,visible,,,,,taxable,,1,,,0,0,,,,,1,,,,,,,,,,,,,,,217,"{""total"":0,""to_translate"":{""en"":4,""he"":4}}",1,1,,,,,,,,
1315,simple,,מרקיות וינטאג שחור,שחור,1,0,visible,,,,,taxable,,1,,,0,0,,,,,1,,,14.9,,,,,,,,,,,,218,"{""total"":0,""to_translate"":{""en"":4,""he"":4}}",1,1,,,,,,,,
1316,simple,,צלחות וינטאג שחור 18 סמ,שחור,1,0,visible,,,,,taxable,,1,,,0,0,,,,,1,,,14.9,,,,,,,,,,,,219,"{""total"":0,""to_translate"":{""en"":4,""he"":4}}",1,1,,,,,,,,
1317,simple,,קערות הגשה וינטאג שחור,שחור,1,0,visible,,,,,taxable,,1,,,0,0,,,,,1,,,11.9,,,,,,,,,,,,220,"{""total"":0,""to_translate"":{""en"":4,""he"":4}}",1,1,,,,,,,,
1318,simple,,צלחות וינטאג שחור 22 סמ,שחור,1,0,visible,,,,,taxable,,1,,,0,0,,,,,1,,,19.9,,,,,,,,,,,,221,"{""total"":0,""to_translate"":{""en"":4,""he"":4}}",1,1,,,,,,,,
1319,simple,,מגשי וינטאג שחור,שחור,1,0,visible,,,,,taxable,,1,,,0,0,,,,,1,,,11.9,,,,,,,,,,,,222,"{""total"":0,""to_translate"":{""en"":4,""he"":4}}",1,1,,,,,,,,
1320,simple,,מזלגות,שחור,1,0,visible,,,,,taxable,,1,,,0,0,,,,,1,,,6.9,,,,,,,,,,,,223,"{""total"":0,""to_translate"":{""en"":4,""he"":4}}",1,1,,,,,,,,
1321,simple,,סכינים,שחור,1,0,visible,,,,,taxable,,1,,,0,0,,,,,1,,,6.9,,,,,,,,,,,,224,"{""total"":0,""to_translate"":{""en"":4,""he"":4}}",1,1,,,,,,,,
1322,simple,,כפות,שחור,1,0,visible,,,,,taxable,,1,,,0,0,,,,,1,,,6.9,,,,,,,,,,,,225,"{""total"":0,""to_translate"":{""en"":4,""he"":4}}",1,1,,,,,,,,
1323,simple,,שקוף,,1,0,visible,,,,,taxable,,1,,,0,0,,,,,1,,,,,,,,,,,,,,,226,"{""total"":0,""to_translate"":{""en"":4,""he"":4}}",1,1,,,,,,,,
1324,simple,,פריט:,,1,0,visible,,,,,taxable,,1,,,0,0,,,,,1,,,,,,,,,,,,,,,227,"{""total"":0,""to_translate"":{""en"":4,""he"":4}}",1,1,,,,,,,,
1325,simple,,מרקיות וינטאג שקוף ,שקוף,1,0,visible,,,,,taxable,,1,,,0,0,,,,,1,,,14.9,,,,,,,,,,,,228,"{""total"":0,""to_translate"":{""en"":4,""he"":4}}",1,1,,,,,,,,
1326,simple,,צלחות וינטאג שקוף 18 סמ,שקוף,1,0,visible,,,,,taxable,,1,,,0,0,,,,,1,,,14.9,,,,,,,,,,,,229,"{""total"":0,""to_translate"":{""en"":4,""he"":4}}",1,1,,,,,,,,
1327,simple,,צלחות וינטאג שקוף 25 סמ,שקוף,1,0,visible,,,,,taxable,,1,,,0,0,,,,,1,,,24.9,,,,,,,,,,,,230,"{""total"":0,""to_translate"":{""en"":4,""he"":4}}",1,1,,,,,,,,
1328,simple,,צלחות וינטאג שקוף 22 סמ ,שקוף,1,0,visible,,,,,taxable,,1,,,0,0,,,,,1,,,19.9,,,,,,,,,,,,231,"{""total"":0,""to_translate"":{""en"":4,""he"":4}}",1,1,,,,,,,,
1329,simple,,מגשי וינטאג שקוף,שקוף,1,0,visible,,,,,taxable,,1,,,0,0,,,,,1,,,9.9,,,,,,,,,,,,232,"{""total"":0,""to_translate"":{""en"":4,""he"":4}}",1,1,,,,,,,,
1330,simple,,מזלגות,שקוף,1,0,visible,,,,,taxable,,1,,,0,0,,,,,1,,,6.9,,,,,,,,,,,,233,"{""total"":0,""to_translate"":{""en"":4,""he"":4}}",1,1,,,,,,,,
1331,simple,,כפות,שקוף,1,0,visible,,,,,taxable,,1,,,0,0,,,,,1,,,6.9,,,,,,,,,,,,234,"{""total"":0,""to_translate"":{""en"":4,""he"":4}}",1,1,,,,,,,,
1332,simple,,כפיות,שקוף,1,0,visible,,,,,taxable,,1,,,0,0,,,,,1,,,2.9,,,,,,,,,,,,235,"{""total"":0,""to_translate"":{""en"":4,""he"":4}}",1,1,,,,,,,,
1333,simple,,סכינים,שקוף,1,0,visible,,,,,taxable,,1,,,0,0,,,,,1,,,6.9,,,,,,,,,,,,236,"{""total"":0,""to_translate"":{""en"":4,""he"":4}}",1,1,,,,,,,,
1334,simple,,נצנצים כסוף,,1,0,visible,,,,,taxable,,1,,,0,0,,,,,1,,,,,,,,,,,,,,,237,"{""total"":0,""to_translate"":{""en"":4,""he"":4}}",1,1,,,,,,,,
1335,simple,,פריט:,,1,0,visible,,,,,taxable,,1,,,0,0,,,,,1,,,,,,,,,,,,,,,238,"{""total"":0,""to_translate"":{""en"":4,""he"":4}}",1,1,,,,,,,,
1336,simple,,צלחות וינטאג נצנצים כסוף 18 סמ,נצנצים כסוף,1,0,visible,,,,,taxable,,1,,,0,0,,,,,1,,,14.9,,,,,,,,,,,,239,"{""total"":0,""to_translate"":{""en"":4,""he"":4}}",1,1,,,,,,,,
1337,simple,,צלחות וינטאג נצנצים כסוף ,נצנצים כסוף,1,0,visible,,,,,taxable,,1,,,0,0,,,,,1,,,19.9,,,,,,,,,,,,240,"{""total"":0,""to_translate"":{""en"":4,""he"":4}}",1,1,,,,,,,,
1338,simple,,צלחות וינטאג נצנצים כסוף 25 סמ,נצנצים כסוף,1,0,visible,,,,,taxable,,1,,,0,0,,,,,1,,,24.9,,,,,,,,,,,,241,"{""total"":0,""to_translate"":{""en"":4,""he"":4}}",1,1,,,,,,,,
1339,simple,,מגשי וינטאג נצנץ כסוף,נצנצים כסוף,1,0,visible,,,,,taxable,,1,,,0,0,,,,,1,,,11.9,,,,,,,,,,,,242,"{""total"":0,""to_translate"":{""en"":4,""he"":4}}",1,1,,,,,,,,
1340,simple,,קסרול וינטאג נצנץ כסוף,נצנצים כסוף,1,0,visible,,,,,taxable,,1,,,0,0,,,,,1,,,9.9,,,,,,,,,,,,243,"{""total"":0,""to_translate"":{""en"":4,""he"":4}}",1,1,,,,,,,,
1341,simple,,כפיות,נצנצים כסוף,1,0,visible,,,,,taxable,,1,,,0,0,,,,,1,,,4.9,,,,,,,,,,,,244,"{""total"":0,""to_translate"":{""en"":4,""he"":4}}",1,1,,,,,,,,
1342,simple,,מיאמי,,1,0,visible,,,,,taxable,,1,,,0,0,,,,,1,,,,,,,,,,,,,,,245,"{""total"":0,""to_translate"":{""en"":4,""he"":4}}",1,1,,,,,,,,
1343,simple,,לבן פנינה,,1,0,visible,,,,,taxable,,1,,,0,0,,,,,1,,,,,,,,,,,,,,,246,"{""total"":0,""to_translate"":{""en"":4,""he"":4}}",1,1,,,,,,,,
1344,simple,,פריט:,,1,0,visible,,,,,taxable,,1,,,0,0,,,,,1,,,,,,,,,,,,,,,247,"{""total"":0,""to_translate"":{""en"":4,""he"":4}}",1,1,,,,,,,,
1345,simple,,צלחות מיאמי לבן פנינה 18 סמ,לבן פנינה,1,0,visible,,,,,taxable,,1,,,0,0,,,,,1,,,13.9,,,,,,,,,,,,248,"{""total"":0,""to_translate"":{""en"":4,""he"":4}}",1,1,,,,,,,,
1346,simple,,צלחות מיאמי לבן פנינה 22 סמ,לבן פנינה,1,0,visible,,,,,taxable,,1,,,0,0,,,,,1,,,21.9,,,,,,,,,,,,249,"{""total"":0,""to_translate"":{""en"":4,""he"":4}}",1,1,,,,,,,,
1347,simple,,צלחות מיאמי לבן פנינה 25 סמ,לבן פנינה,1,0,visible,,,,,taxable,,1,,,0,0,,,,,1,,,25.9,,,,,,,,,,,,250,"{""total"":0,""to_translate"":{""en"":4,""he"":4}}",1,1,,,,,,,,
1348,simple,,קערות הגשה מיאמי לבן פנינה,לבן פנינה,1,0,visible,,,,,taxable,,1,,,0,0,,,,,1,,,9.9,,,,,,,,,,,,251,"{""total"":0,""to_translate"":{""en"":4,""he"":4}}",1,1,,,,,,,,
1349,simple,,צלחות הגשה מיאמי ,לבן פנינה,1,0,visible,,,,,taxable,,1,,,0,0,,,,,1,,,9.9,,,,,,,,,,,,252,"{""total"":0,""to_translate"":{""en"":4,""he"":4}}",1,1,,,,,,,,
1350,simple,,מרקיות מיאמי לבן פנינה,לבן פנינה,1,0,visible,,,,,taxable,,1,,,0,0,,,,,1,,,9.9,,,,,,,,,,,,253,"{""total"":0,""to_translate"":{""en"":4,""he"":4}}",1,1,,,,,,,,
1351,simple,,תבניכל,,1,0,visible,,,,,taxable,,1,,,0,0,,,,,1,,,,,,,,,,,,,,,254,"{""total"":0,""to_translate"":{""en"":4,""he"":4}}",1,1,,,,,,,,
1352,simple,,לבן עם עיטור כסף,,1,0,visible,,,,,taxable,,1,,,0,0,,,,,1,,,,,,,,,,,,,,,255,"{""total"":0,""to_translate"":{""en"":4,""he"":4}}",1,1,,,,,,,,
1353,simple,,פריט:,,1,0,visible,,,,,taxable,,1,,,0,0,,,,,1,,,,,,,,,,,,,,,256,"{""total"":0,""to_translate"":{""en"":4,""he"":4}}",1,1,,,,,,,,
1354,simple,,צלחת פרלה מעוטרת כסף 19 סמ,לבן עם עיטור כסף,1,0,visible,,,,,taxable,,1,,,0,0,,,,,1,,,13.9,,,,,,,,,,,,257,"{""total"":0,""to_translate"":{""en"":4,""he"":4}}",1,1,,,,,,,,
1355,simple,,צלחות פרלה מעוטרת כסף 22 סמ,לבן עם עיטור כסף,1,0,visible,,,,,taxable,,1,,,0,0,,,,,1,,,18.9,,,,,,,,,,,,258,"{""total"":0,""to_translate"":{""en"":4,""he"":4}}",1,1,,,,,,,,
1356,simple,,צלחות פרלה מעוטרת כסף 25 סמ,לבן עם עיטור כסף,1,0,visible,,,,,taxable,,1,,,0,0,,,,,1,,,20.9,,,,,,,,,,,,259,"{""total"":0,""to_translate"":{""en"":4,""he"":4}}",1,1,,,,,,,,
1357,simple,,פריט:,,1,0,visible,,,,,taxable,,1,,,0,0,,,,,1,,,,,,,,,,,,,,,260,"{""total"":0,""to_translate"":{""en"":4,""he"":4}}",1,1,,,,,,,,
1358,simple,,כוסיות ליקר זהב ,לבן עם עיטור כסף,1,0,visible,,,,,taxable,,1,,,0,0,,,,,1,,,4.9,,,,,,,,,,,,261,"{""total"":0,""to_translate"":{""en"":4,""he"":4}}",1,1,,,,,,,,
1359,simple,,כוסיות ליקר שקוף,לבן עם עיטור כסף,1,0,visible,,,,,taxable,,1,,,0,0,,,,,1,,,4.9,,,,,,,,,,,,262,"{""total"":0,""to_translate"":{""en"":4,""he"":4}}",1,1,,,,,,,,
1360,simple,,פרחוני,,1,0,visible,,,,,taxable,,1,,,0,0,,,,,1,,,,,,,,,,,,,,,263,"{""total"":0,""to_translate"":{""en"":4,""he"":4}}",1,1,,,,,,,,
1361,simple,,פריט:,,1,0,visible,,,,,taxable,,1,,,0,0,,,,,1,,,,,,,,,,,,,,,264,"{""total"":0,""to_translate"":{""en"":4,""he"":4}}",1,1,,,,,,,,
1362,simple,,צלחות בינונית,פרחוני,1,0,visible,,,,,taxable,,1,,,0,0,,,,,1,,,5.9,,,,,,,,,,,,265,"{""total"":0,""to_translate"":{""en"":4,""he"":4}}",1,1,,,,,,,,
1363,simple,,צלחות גדולות,פרחוני,1,0,visible,,,,,taxable,,1,,,0,0,,,,,1,,,8.9,,,,,,,,,,,,266,"{""total"":0,""to_translate"":{""en"":4,""he"":4}}",1,1,,,,,,,,
1364,simple,,כוסות,פרחוני,1,0,visible,,,,,taxable,,1,,,0,0,,,,,1,,,6.9,,,,,,,,,,,,267,"{""total"":0,""to_translate"":{""en"":4,""he"":4}}",1,1,,,,,,,,
1365,simple,,מרקיות ,פרחוני,1,0,visible,,,,,taxable,,1,,,0,0,,,,,1,,,6.9,,,,,,,,,,,,268,"{""total"":0,""to_translate"":{""en"":4,""he"":4}}",1,1,,,,,,,,
1366,simple,,מפיות,פרחוני,1,0,visible,,,,,taxable,,1,,,0,0,,,,,1,,,9.9,,,,,,,,,,,,269,"{""total"":0,""to_translate"":{""en"":4,""he"":4}}",1,1,,,,,,,,
1367,simple,,צבעוני:,,1,0,visible,,,,,taxable,,1,,,0,0,,,,,1,,,,,,,,,,,,,,,270,"{""total"":0,""to_translate"":{""en"":4,""he"":4}}",1,1,,,,,,,,
1368,simple,,אדום,,1,0,visible,,,,,taxable,,1,,,0,0,,,,,1,,,,,,,,,,,,,,,271,"{""total"":0,""to_translate"":{""en"":4,""he"":4}}",1,1,,,,,,,,
1369,simple,,צלחת אדומה מפלסטיק ,אדום,1,0,visible,,,,,taxable,,1,,,0,0,,,,,1,,,7,,,,,,,,,,,,272,"{""total"":0,""to_translate"":{""en"":4,""he"":4}}",1,1,,,,,,,,
1370,simple,,צלחת אדומה מפלסטיק ,אדום,1,0,visible,,,,,taxable,,1,,,0,0,,,,,1,,,5,,,,,,,,,,,,273,"{""total"":0,""to_translate"":{""en"":4,""he"":4}}",1,1,,,,,,,,
1371,simple,,קערה אדומה מפלסטיק,אדום,1,0,visible,,,,,taxable,,1,,,0,0,,,,,1,,,7.9,,,,,,,,,,,,274,"{""total"":0,""to_translate"":{""en"":4,""he"":4}}",1,1,,,,,,,,
1372,simple,,קערית אדומה מפלסטיק,אדום,1,0,visible,,,,,taxable,,1,,,0,0,,,,,1,,,6,,,,,,,,,,,,275,"{""total"":0,""to_translate"":{""en"":4,""he"":4}}",1,1,,,,,,,,
1373,simple,,כתום,,1,0,visible,,,,,taxable,,1,,,0,0,,,,,1,,,,,,,,,,,,,,,276,"{""total"":0,""to_translate"":{""en"":4,""he"":4}}",1,1,,,,,,,,
1374,simple,,צלחת כתומה מפלסטיק ,כתום,1,0,visible,,,,,taxable,,1,,,0,0,,,,,1,,,7,,,,,,,,,,,,277,"{""total"":0,""to_translate"":{""en"":4,""he"":4}}",1,1,,,,,,,,
1375,simple,,צלחת כתומה מפלסטיק ,כתום,1,0,visible,,,,,taxable,,1,,,0,0,,,,,1,,,5,,,,,,,,,,,,278,"{""total"":0,""to_translate"":{""en"":4,""he"":4}}",1,1,,,,,,,,
1376,simple,,קערה כתומה מפלסטיק,כתום,1,0,visible,,,,,taxable,,1,,,0,0,,,,,1,,,7.9,,,,,,,,,,,,279,"{""total"":0,""to_translate"":{""en"":4,""he"":4}}",1,1,,,,,,,,
1377,simple,,קערית כתומה מפלסטיק,כתום,1,0,visible,,,,,taxable,,1,,,0,0,,,,,1,,,6,,,,,,,,,,,,280,"{""total"":0,""to_translate"":{""en"":4,""he"":4}}",1,1,,,,,,,,
1378,simple,,צהוב,,1,0,visible,,,,,taxable,,1,,,0,0,,,,,1,,,,,,,,,,,,,,,281,"{""total"":0,""to_translate"":{""en"":4,""he"":4}}",1,1,,,,,,,,
1379,simple,,צלחת צהובה מפלסטיק ,צהוב,1,0,visible,,,,,taxable,,1,,,0,0,,,,,1,,,7,,,,,,,,,,,,282,"{""total"":0,""to_translate"":{""en"":4,""he"":4}}",1,1,,,,,,,,
1380,simple,,צלחת צהובה מפלסטיק ,צהוב,1,0,visible,,,,,taxable,,1,,,0,0,,,,,1,,,5,,,,,,,,,,,,283,"{""total"":0,""to_translate"":{""en"":4,""he"":4}}",1,1,,,,,,,,
1381,simple,,קערה צהובה מפלסטיק,צהוב,1,0,visible,,,,,taxable,,1,,,0,0,,,,,1,,,7.9,,,,,,,,,,,,284,"{""total"":0,""to_translate"":{""en"":4,""he"":4}}",1,1,,,,,,,,
1382,simple,,קערית צהובה מפלסטיק,צהוב,1,0,visible,,,,,taxable,,1,,,0,0,,,,,1,,,6,,,,,,,,,,,,285,"{""total"":0,""to_translate"":{""en"":4,""he"":4}}",1,1,,,,,,,,
1383,simple,,טורקיז,,1,0,visible,,,,,taxable,,1,,,0,0,,,,,1,,,,,,,,,,,,,,,286,"{""total"":0,""to_translate"":{""en"":4,""he"":4}}",1,1,,,,,,,,
1384,simple,,צלחת טורקיז מפלסטיק ,טורקיז,1,0,visible,,,,,taxable,,1,,,0,0,,,,,1,,,7,,,,,,,,,,,,287,"{""total"":0,""to_translate"":{""en"":4,""he"":4}}",1,1,,,,,,,,
1385,simple,,צלחת טורקיז מפלסטיק ,טורקיז,1,0,visible,,,,,taxable,,1,,,0,0,,,,,1,,,5,,,,,,,,,,,,288,"{""total"":0,""to_translate"":{""en"":4,""he"":4}}",1,1,,,,,,,,
1386,simple,,קערה טורקיז מפלסטיק,טורקיז,1,0,visible,,,,,taxable,,1,,,0,0,,,,,1,,,7.9,,,,,,,,,,,,289,"{""total"":0,""to_translate"":{""en"":4,""he"":4}}",1,1,,,,,,,,
1387,simple,,קערית טורקיז מפלסטיק,טורקיז,1,0,visible,,,,,taxable,,1,,,0,0,,,,,1,,,6,,,,,,,,,,,,290,"{""total"":0,""to_translate"":{""en"":4,""he"":4}}",1,1,,,,,,,,
1388,simple,,כחול,,1,0,visible,,,,,taxable,,1,,,0,0,,,,,1,,,,,,,,,,,,,,,291,"{""total"":0,""to_translate"":{""en"":4,""he"":4}}",1,1,,,,,,,,
1389,simple,,צלחת כחולה מפלסטיק ,כחול,1,0,visible,,,,,taxable,,1,,,0,0,,,,,1,,,7,,,,,,,,,,,,292,"{""total"":0,""to_translate"":{""en"":4,""he"":4}}",1,1,,,,,,,,
1390,simple,,צלחת כחולה מפלסטיק ,כחול,1,0,visible,,,,,taxable,,1,,,0,0,,,,,1,,,5,,,,,,,,,,,,293,"{""total"":0,""to_translate"":{""en"":4,""he"":4}}",1,1,,,,,,,,
1391,simple,,קערה כחולה מפלסטיק,כחול,1,0,visible,,,,,taxable,,1,,,0,0,,,,,1,,,7.9,,,,,,,,,,,,294,"{""total"":0,""to_translate"":{""en"":4,""he"":4}}",1,1,,,,,,,,
1392,simple,,קערית כחולה מפלסטיק,כחול,1,0,visible,,,,,taxable,,1,,,0,0,,,,,1,,,6,,,,,,,,,,,,295,"{""total"":0,""to_translate"":{""en"":4,""he"":4}}",1,1,,,,,,,,
1393,simple,,ירוק ,,1,0,visible,,,,,taxable,,1,,,0,0,,,,,1,,,,,,,,,,,,,,,296,"{""total"":0,""to_translate"":{""en"":4,""he"":4}}",1,1,,,,,,,,
1394,simple,,צלחת ירוקה מפלסטיק ,ירוק ,1,0,visible,,,,,taxable,,1,,,0,0,,,,,1,,,7,,,,,,,,,,,,297,"{""total"":0,""to_translate"":{""en"":4,""he"":4}}",1,1,,,,,,,,
1395,simple,,צלחת ירוקה מפלסטיק ,ירוק ,1,0,visible,,,,,taxable,,1,,,0,0,,,,,1,,,5,,,,,,,,,,,,298,"{""total"":0,""to_translate"":{""en"":4,""he"":4}}",1,1,,,,,,,,
1396,simple,,קערה ירוקה מפלסטיק,ירוק ,1,0,visible,,,,,taxable,,1,,,0,0,,,,,1,,,7.9,,,,,,,,,,,,299,"{""total"":0,""to_translate"":{""en"":4,""he"":4}}",1,1,,,,,,,,
1397,simple,,קערית ירוקה מפלסטיק,ירוק ,1,0,visible,,,,,taxable,,1,,,0,0,,,,,1,,,6,,,,,,,,,,,,300,"{""total"":0,""to_translate"":{""en"":4,""he"":4}}",1,1,,,,,,,,
1398,simple,,ורוד בייבי,,1,0,visible,,,,,taxable,,1,,,0,0,,,,,1,,,,,,,,,,,,,,,301,"{""total"":0,""to_translate"":{""en"":4,""he"":4}}",1,1,,,,,,,,
1399,simple,,צלחת ורודה מפלסטיק ,ורוד בייבי,1,0,visible,,,,,taxable,,1,,,0,0,,,,,1,,,7,,,,,,,,,,,,302,"{""total"":0,""to_translate"":{""en"":4,""he"":4}}",1,1,,,,,,,,
1400,simple,,צלחת ורודה מפלסטיק ,ורוד בייבי,1,0,visible,,,,,taxable,,1,,,0,0,,,,,1,,,5,,,,,,,,,,,,303,"{""total"":0,""to_translate"":{""en"":4,""he"":4}}",1,1,,,,,,,,
1401,simple,,קערה ורודה מפלסטיק,ורוד בייבי,1,0,visible,,,,,taxable,,1,,,0,0,,,,,1,,,7.9,,,,,,,,,,,,304,"{""total"":0,""to_translate"":{""en"":4,""he"":4}}",1,1,,,,,,,,
1402,simple,,קערית ורודה מפלסטיק,ורוד בייבי,1,0,visible,,,,,taxable,,1,,,0,0,,,,,1,,,6,,,,,,,,,,,,305,"{""total"":0,""to_translate"":{""en"":4,""he"":4}}",1,1,,,,,,,,
1403,simple,,ורוד פוקסיה,,1,0,visible,,,,,taxable,,1,,,0,0,,,,,1,,,,,,,,,,,,,,,306,"{""total"":0,""to_translate"":{""en"":4,""he"":4}}",1,1,,,,,,,,
1404,simple,,צלחת ורוד פוקסיה מפלסטיק ,ורוד פוקסיה,1,0,visible,,,,,taxable,,1,,,0,0,,,,,1,,,7,,,,,,,,,,,,307,"{""total"":0,""to_translate"":{""en"":4,""he"":4}}",1,1,,,,,,,,
1405,simple,,צלחת ורוד פוקסיה מפלסטיק ,ורוד פוקסיה,1,0,visible,,,,,taxable,,1,,,0,0,,,,,1,,,5,,,,,,,,,,,,308,"{""total"":0,""to_translate"":{""en"":4,""he"":4}}",1,1,,,,,,,,
1406,simple,,קערה ורוד פוקסיה מפלסטיק,ורוד פוקסיה,1,0,visible,,,,,taxable,,1,,,0,0,,,,,1,,,7.9,,,,,,,,,,,,309,"{""total"":0,""to_translate"":{""en"":4,""he"":4}}",1,1,,,,,,,,
1407,simple,,קערית ורוד פוקסיה מפלסטיק,ורוד פוקסיה,1,0,visible,,,,,taxable,,1,,,0,0,,,,,1,,,6,,,,,,,,,,,,310,"{""total"":0,""to_translate"":{""en"":4,""he"":4}}",1,1,,,,,,,,
1408,simple,,סגול,,1,0,visible,,,,,taxable,,1,,,0,0,,,,,1,,,,,,,,,,,,,,,311,"{""total"":0,""to_translate"":{""en"":4,""he"":4}}",1,1,,,,,,,,
1409,simple,,צלחת סגולה מפלסטיק ,סגול,1,0,visible,,,,,taxable,,1,,,0,0,,,,,1,,,7,,,,,,,,,,,,312,"{""total"":0,""to_translate"":{""en"":4,""he"":4}}",1,1,,,,,,,,
1410,simple,,צלחת סגולה מפלסטיק ,סגול,1,0,visible,,,,,taxable,,1,,,0,0,,,,,1,,,5,,,,,,,,,,,,313,"{""total"":0,""to_translate"":{""en"":4,""he"":4}}",1,1,,,,,,,,
1411,simple,,קערה סגולה מפלסטיק,סגול,1,0,visible,,,,,taxable,,1,,,0,0,,,,,1,,,7.9,,,,,,,,,,,,314,"{""total"":0,""to_translate"":{""en"":4,""he"":4}}",1,1,,,,,,,,
1412,simple,,קערית סגולה מפלסטיק,סגול,1,0,visible,,,,,taxable,,1,,,0,0,,,,,1,,,6,,,,,,,,,,,,315,"{""total"":0,""to_translate"":{""en"":4,""he"":4}}",1,1,,,,,,,,
1413,simple,,אפור,,1,0,visible,,,,,taxable,,1,,,0,0,,,,,1,,,,,,,,,,,,,,,316,"{""total"":0,""to_translate"":{""en"":4,""he"":4}}",1,1,,,,,,,,
1414,simple,,צלחת אפורה מפלסטיק ,אפור,1,0,visible,,,,,taxable,,1,,,0,0,,,,,1,,,7,,,,,,,,,,,,317,"{""total"":0,""to_translate"":{""en"":4,""he"":4}}",1,1,,,,,,,,
1415,simple,,צלחת אפורה מפלסטיק ,אפור,1,0,visible,,,,,taxable,,1,,,0,0,,,,,1,,,5,,,,,,,,,,,,318,"{""total"":0,""to_translate"":{""en"":4,""he"":4}}",1,1,,,,,,,,
1416,simple,,קערה אפורה מפלסטיק,אפור,1,0,visible,,,,,taxable,,1,,,0,0,,,,,1,,,7.9,,,,,,,,,,,,319,"{""total"":0,""to_translate"":{""en"":4,""he"":4}}",1,1,,,,,,,,
1417,simple,,קערית אפורה מפלסטיק,אפור,1,0,visible,,,,,taxable,,1,,,0,0,,,,,1,,,6,,,,,,,,,,,,320,"{""total"":0,""to_translate"":{""en"":4,""he"":4}}",1,1,,,,,,,,
1418,simple,,שחור,,1,0,visible,,,,,taxable,,1,,,0,0,,,,,1,,,,,,,,,,,,,,,321,"{""total"":0,""to_translate"":{""en"":4,""he"":4}}",1,1,,,,,,,,
1419,simple,,צלחת שחורה מפלסטיק ,שחור,1,0,visible,,,,,taxable,,1,,,0,0,,,,,1,,,7,,,,,,,,,,,,322,"{""total"":0,""to_translate"":{""en"":4,""he"":4}}",1,1,,,,,,,,
1420,simple,,צלחת שחורה מפלסטיק ,שחור,1,0,visible,,,,,taxable,,1,,,0,0,,,,,1,,,5,,,,,,,,,,,,323,"{""total"":0,""to_translate"":{""en"":4,""he"":4}}",1,1,,,,,,,,
1421,simple,,קערה שחורה מפלסטיק,שחור,1,0,visible,,,,,taxable,,1,,,0,0,,,,,1,,,7.9,,,,,,,,,,,,324,"{""total"":0,""to_translate"":{""en"":4,""he"":4}}",1,1,,,,,,,,
1422,simple,,קערית שחורה מפלסטיק,שחור,1,0,visible,,,,,taxable,,1,,,0,0,,,,,1,,,6,,,,,,,,,,,,325,"{""total"":0,""to_translate"":{""en"":4,""he"":4}}",1,1,,,,,,,,
1423,simple,,לבן,,1,0,visible,,,,,taxable,,1,,,0,0,,,,,1,,,,,,,,,,,,,,,326,"{""total"":0,""to_translate"":{""en"":4,""he"":4}}",1,1,,,,,,,,
1424,simple,,צלחת לבנה מפלסטיק ,לבן,1,0,visible,,,,,taxable,,1,,,0,0,,,,,1,,,7,,,,,,,,,,,,327,"{""total"":0,""to_translate"":{""en"":4,""he"":4}}",1,1,,,,,,,,
1425,simple,,צלחת לבנה מפלסטיק ,לבן,1,0,visible,,,,,taxable,,1,,,0,0,,,,,1,,,5,,,,,,,,,,,,328,"{""total"":0,""to_translate"":{""en"":4,""he"":4}}",1,1,,,,,,,,
1426,simple,,קערה לבנה מפלסטיק,לבן,1,0,visible,,,,,taxable,,1,,,0,0,,,,,1,,,7.9,,,,,,,,,,,,329,"{""total"":0,""to_translate"":{""en"":4,""he"":4}}",1,1,,,,,,,,
1427,simple,,קערית לבנה מפלסטיק,לבן,1,0,visible,,,,,taxable,,1,,,0,0,,,,,1,,,6,,,,,,,,,,,,330,"{""total"":0,""to_translate"":{""en"":4,""he"":4}}",1,1,,,,,,,,
1428,simple,,שמנת,,1,0,visible,,,,,taxable,,1,,,0,0,,,,,1,,,,,,,,,,,,,,,331,"{""total"":0,""to_translate"":{""en"":4,""he"":4}}",1,1,,,,,,,,
1429,simple,,צלחת שמנת מפלסטיק ,שמנת,1,0,visible,,,,,taxable,,1,,,0,0,,,,,1,,,7,,,,,,,,,,,,332,"{""total"":0,""to_translate"":{""en"":4,""he"":4}}",1,1,,,,,,,,
1430,simple,,צלחת שמנת מפלסטיק ,שמנת,1,0,visible,,,,,taxable,,1,,,0,0,,,,,1,,,5,,,,,,,,,,,,333,"{""total"":0,""to_translate"":{""en"":4,""he"":4}}",1,1,,,,,,,,
1431,simple,,קערה שמנת מפלסטיק,שמנת,1,0,visible,,,,,taxable,,1,,,0,0,,,,,1,,,7.9,,,,,,,,,,,,334,"{""total"":0,""to_translate"":{""en"":4,""he"":4}}",1,1,,,,,,,,
1432,simple,,קערית שמנת מפלסטיק,שמנת,1,0,visible,,,,,taxable,,1,,,0,0,,,,,1,,,6,,,,,,,,,,,,335,"{""total"":0,""to_translate"":{""en"":4,""he"":4}}",1,1,,,,,,,,
1433,simple,,אקולוגי,,1,0,visible,,,,,taxable,,1,,,0,0,,,,,1,,,,,,,,,,,,,,,336,"{""total"":0,""to_translate"":{""en"":4,""he"":4}}",1,1,,,,,,,,
1434,simple,,מרקיות מתכלות מקנה סוכר,אקולוגי,1,0,visible,,,,,taxable,,1,,,0,0,,,,,1,,,12.9,,,,,,,,,,,,337,"{""total"":0,""to_translate"":{""en"":4,""he"":4}}",1,1,,,,,,,,
1435,simple,,צלחות מתכלות גדולות,אקולוגי,1,0,visible,,,,,taxable,,1,,,0,0,,,,,1,,,23.3,,,,,,,,,,,,338,"{""total"":0,""to_translate"":{""en"":4,""he"":4}}",1,1,,,,,,,,
1436,simple,,צלחות מתכלות קטנות,אקולוגי,1,0,visible,,,,,taxable,,1,,,0,0,,,,,1,,,12.9,,,,,,,,,,,,339,"{""total"":0,""to_translate"":{""en"":4,""he"":4}}",1,1,,,,,,,,
1437,simple,,קערה בצורת לב מתכלה,אקולוגי,1,0,visible,,,,,taxable,,1,,,0,0,,,,,1,,,21.9,,,,,,,,,,,,340,"{""total"":0,""to_translate"":{""en"":4,""he"":4}}",1,1,,,,,,,,
1438,simple,,צלחת מרובעת מתכלה ,אקולוגי,1,0,visible,,,,,taxable,,1,,,0,0,,,,,1,,,24.9,,,,,,,,,,,,341,"{""total"":0,""to_translate"":{""en"":4,""he"":4}}",1,1,,,,,,,,
1439,simple,,קערות קוקוס ,אקולוגי,1,0,visible,,,,,taxable,,1,,,0,0,,,,,1,,,45,,,,,,,,,,,,342,"{""total"":0,""to_translate"":{""en"":4,""he"":4}}",1,1,,,,,,,,
1440,simple,,מגשי עץ מתכלים,אקולוגי,1,0,visible,,,,,taxable,,1,,,0,0,,,,,1,,,13.9,,,,,,,,,,,,343,"{""total"":0,""to_translate"":{""en"":4,""he"":4}}",1,1,,,,,,,,
1441,simple,,כפיות עץ מתכלות ,אקולוגי,1,0,visible,,,,,taxable,,1,,,0,0,,,,,1,,,13.9,,,,,,,,,,,,344,"{""total"":0,""to_translate"":{""en"":4,""he"":4}}",1,1,,,,,,,,
1442,simple,,סכיני עץ מתכלים,אקולוגי,1,0,visible,,,,,taxable,,1,,,0,0,,,,,1,,,13.9,,,,,,,,,,,,345,"{""total"":0,""to_translate"":{""en"":4,""he"":4}}",1,1,,,,,,,,
1443,simple,,מזלגות עץ מתכלות,אקולוגי,1,0,visible,,,,,taxable,,1,,,0,0,,,,,1,,,13.9,,,,,,,,,,,,346,"{""total"":0,""to_translate"":{""en"":4,""he"":4}}",1,1,,,,,,,,
1444,simple,,קשים מתכלים,אקולוגי,1,0,visible,,,,,taxable,,1,,,0,0,,,,,1,,,11.9,,,,,,,,,,,,347,"{""total"":0,""to_translate"":{""en"":4,""he"":4}}",1,1,,,,,,,,
1445,simple,,קונוסים מתכלים,אקולוגי,1,0,visible,,,,,taxable,,1,,,0,0,,,,,1,,,11.9,,,,,,,,,,,,348,"{""total"":0,""to_translate"":{""en"":4,""he"":4}}",1,1,,,,,,,,
1446,simple,,פלמנגו,,1,0,visible,,,,,taxable,,1,,,0,0,,,,,1,,,,,,,,,,,,,,,349,"{""total"":0,""to_translate"":{""en"":4,""he"":4}}",1,1,,,,,,,,
1447,simple,,פלמנגו צלחת נייר זהב קטנה,פלמנגו,1,0,visible,,,,,taxable,,1,,,0,0,,,,,1,,,12.9,,,,,,,,,,,,350,"{""total"":0,""to_translate"":{""en"":4,""he"":4}}",1,1,,,,,,,,
1448,simple,,פלמנגו צלחת נייר זהב גדולה,פלמנגו,1,0,visible,,,,,taxable,,1,,,0,0,,,,,1,,,14.9,,,,,,,,,,,,351,"{""total"":0,""to_translate"":{""en"":4,""he"":4}}",1,1,,,,,,,,
1449,simple,,פלמנגו כוסות נייר זהב ,פלמנגו,1,0,visible,,,,,taxable,,1,,,0,0,,,,,1,,,12.9,,,,,,,,,,,,352,"{""total"":0,""to_translate"":{""en"":4,""he"":4}}",1,1,,,,,,,,
1450,simple,,פלמנגו צלחת נייר כסף קטנה,פלמנגו,1,0,visible,,,,,taxable,,1,,,0,0,,,,,1,,,12.9,,,,,,,,,,,,353,"{""total"":0,""to_translate"":{""en"":4,""he"":4}}",1,1,,,,,,,,
1451,simple,,פלמנגו צלחת נייר כסף גדולה,פלמנגו,1,0,visible,,,,,taxable,,1,,,0,0,,,,,1,,,14.9,,,,,,,,,,,,354,"{""total"":0,""to_translate"":{""en"":4,""he"":4}}",1,1,,,,,,,,
1452,simple,,פלמנגו כוסות נייר כסף,פלמנגו,1,0,visible,,,,,taxable,,1,,,0,0,,,,,1,,,12.9,,,,,,,,,,,,355,"{""total"":0,""to_translate"":{""en"":4,""he"":4}}",1,1,,,,,,,,
1453,simple,,קופסאות פופקורן פלמנגו כסף ,פלמנגו,1,0,visible,,,,,taxable,,1,,,0,0,,,,,1,,,11.9,,,,,,,,,,,,356,"{""total"":0,""to_translate"":{""en"":4,""he"":4}}",1,1,,,,,,,,
1454,simple,,מפיות פלמנגו זהב,פלמנגו,1,0,visible,,,,,taxable,,1,,,0,0,,,,,1,,,14.9,,,,,,,,,,,,357,"{""total"":0,""to_translate"":{""en"":4,""he"":4}}",1,1,,,,,,,,
1455,simple,,מפיות פלמנגו כסף,פלמנגו,1,0,visible,,,,,taxable,,1,,,0,0,,,,,1,,,14.9,,,,,,,,,,,,358,"{""total"":0,""to_translate"":{""en"":4,""he"":4}}",1,1,,,,,,,,
1456,simple,,פלמנגו אננס קישוט תלייה ,פלמנגו,1,0,visible,,,,,taxable,,1,,,0,0,,,,,1,,,13.9,,,,,,,,,,,,359,"{""total"":0,""to_translate"":{""en"":4,""he"":4}}",1,1,,,,,,,,
1457,simple,,צלחת קרטון אננס פלמנקו זהב ,פלמנגו,1,0,visible,,,,,taxable,,1,,,0,0,,,,,1,,,18.9,,,,,,,,,,,,360,"{""total"":0,""to_translate"":{""en"":4,""he"":4}}",1,1,,,,,,,,
1458,simple,,צלחת פלמנגו צורת לב מקרטון גדול,פלמנגו,1,0,visible,,,,,taxable,,1,,,0,0,,,,,1,,,9.9,,,,,,,,,,,,361,"{""total"":0,""to_translate"":{""en"":4,""he"":4}}",1,1,,,,,,,,
1459,simple,,צלחת פלמנגו צורת לב מקרטון קטן,פלמנגו,1,0,visible,,,,,taxable,,1,,,0,0,,,,,1,,,6.9,,,,,,,,,,,,362,"{""total"":0,""to_translate"":{""en"":4,""he"":4}}",1,1,,,,,,,,
1460,simple,,פלמנגו אננס דלי פופקורן קרטון,פלמנגו,1,0,visible,,,,,taxable,,1,,,0,0,,,,,1,,,5.9,,,,,,,,,,,,363,"{""total"":0,""to_translate"":{""en"":4,""he"":4}}",1,1,,,,,,,,
1461,simple,,נרות פלמנגו לעוגה ורוד ,פלמנגו,1,0,visible,,,,,taxable,,1,,,0,0,,,,,1,,,10.9,,,,,,,,,,,,364,"{""total"":0,""to_translate"":{""en"":4,""he"":4}}",1,1,,,,,,,,
1462,simple,,פלמגו קישוט תלייה ,פלמנגו,1,0,visible,,,,,taxable,,1,,,0,0,,,,,1,,,11.9,,,,,,,,,,,,365,"{""total"":0,""to_translate"":{""en"":4,""he"":4}}",1,1,,,,,,,,
1463,simple,,פלמנגו אבטיח אננס דיגלונים לתלייה,פלמנגו,1,0,visible,,,,,taxable,,1,,,0,0,,,,,1,,,18.9,,,,,,,,,,,,366,"{""total"":0,""to_translate"":{""en"":4,""he"":4}}",1,1,,,,,,,,
1464,simple,,בלון הליום פלמנגו גדול,פלמנגו,1,0,visible,,,,,taxable,,1,,,0,0,,,,,1,,,60,,,,,,,,,,,,367,"{""total"":0,""to_translate"":{""en"":4,""he"":4}}",1,1,,,,,,,,
1465,simple,,צלחות נייר פלמגו ורוד תכלת,פלמנגו,1,0,visible,,,,,taxable,,1,,,0,0,,,,,1,,,14.9,,,,,,,,,,,,368,"{""total"":0,""to_translate"":{""en"":4,""he"":4}}",1,1,,,,,,,,
1466,simple,,מפיות פלמנגו ורוד תכלת,פלמנגו,1,0,visible,,,,,taxable,,1,,,0,0,,,,,1,,,13.9,,,,,,,,,,,,369,"{""total"":0,""to_translate"":{""en"":4,""he"":4}}",1,1,,,,,,,,
1467,simple,,כוסות פלסטיק פלמנגו ורוד תכלת,פלמנגו,1,0,visible,,,,,taxable,,1,,,0,0,,,,,1,,,9.9,,,,,,,,,,,,370,"{""total"":0,""to_translate"":{""en"":4,""he"":4}}",1,1,,,,,,,,
1468,simple,,באנר דגלים משולשים פלמינגו זהב ,פלמנגו,1,0,visible,,,,,taxable,,1,,,0,0,,,,,1,,,13.9,,,,,,,,,,,,371,"{""total"":0,""to_translate"":{""en"":4,""he"":4}}",1,1,,,,,,,,
1469,simple,,טופרים לעוגה תכלת פלמנגו ורוד ,פלמנגו,1,0,visible,,,,,taxable,,1,,,0,0,,,,,1,,,13.9,,,,,,,,,,,,372,"{""total"":0,""to_translate"":{""en"":4,""he"":4}}",1,1,,,,,,,,
1470,simple,,חד פעמי צבעים מטאלים,,1,0,visible,,,,,taxable,,1,,,0,0,,,,,1,,,,,,,,,,,,,,,373,"{""total"":0,""to_translate"":{""en"":4,""he"":4}}",1,1,,,,,,,,
1471,simple,,ורוד מטאלי,,1,0,visible,,,,,taxable,,1,,,0,0,,,,,1,,,,,,,,,,,,,,,374,"{""total"":0,""to_translate"":{""en"":4,""he"":4}}",1,1,,,,,,,,
1472,simple,,צלחות ורוד מטאלי קטנות עגולות וואו,ורוד מטאלי,1,0,visible,,,,,taxable,,1,,,0,0,,,,,1,,,6.9,,,,,,,,,,,,375,"{""total"":0,""to_translate"":{""en"":4,""he"":4}}",1,1,,,,,,,,
1473,simple,,צלחות ורוד מטאלי גדולות עגולות וואו,ורוד מטאלי,1,0,visible,,,,,taxable,,1,,,0,0,,,,,1,,,9.9,,,,,,,,,,,,376,"{""total"":0,""to_translate"":{""en"":4,""he"":4}}",1,1,,,,,,,,
1474,simple,,צלחות מתומן קטנות ורוד מטאלי בהיר מסיבתה,ורוד מטאלי,1,0,visible,,,,,taxable,,1,,,0,0,,,,,1,,,11.9,,,,,,,,,,,,377,"{""total"":0,""to_translate"":{""en"":4,""he"":4}}",1,1,,,,,,,,
1475,simple,,צלחות מתומן גדולות ורוד מטאלי בהיר מסיבתה,ורוד מטאלי,1,0,visible,,,,,taxable,,1,,,0,0,,,,,1,,,17.9,,,,,,,,,,,,378,"{""total"":0,""to_translate"":{""en"":4,""he"":4}}",1,1,,,,,,,,
1476,simple,,צלחות מתומן קטנות ורוד מטאלי כהה מסיבתה,ורוד מטאלי,1,0,visible,,,,,taxable,,1,,,0,0,,,,,1,,,11.9,,,,,,,,,,,,379,"{""total"":0,""to_translate"":{""en"":4,""he"":4}}",1,1,,,,,,,,
1477,simple,,צלחות מתומן גדולות ורוד מטאלי כהה מסיבתה,ורוד מטאלי,1,0,visible,,,,,taxable,,1,,,0,0,,,,,1,,,17.9,,,,,,,,,,,,380,"{""total"":0,""to_translate"":{""en"":4,""he"":4}}",1,1,,,,,,,,
1478,simple,,כוסות קרטון ורוד מטאלי בהיר מסיבתה ,ורוד מטאלי,1,0,visible,,,,,taxable,,1,,,0,0,,,,,1,,,11.9,,,,,,,,,,,,381,"{""total"":0,""to_translate"":{""en"":4,""he"":4}}",1,1,,,,,,,,
1479,simple,,כוסות קרטון ורוד מטאלי כהה מסיבתה ,ורוד מטאלי,1,0,visible,,,,,taxable,,1,,,0,0,,,,,1,,,11.9,,,,,,,,,,,,382,"{""total"":0,""to_translate"":{""en"":4,""he"":4}}",1,1,,,,,,,,
1480,simple,,כוסות קרטון ורוד מטאלי בהיר וואו,ורוד מטאלי,1,0,visible,,,,,taxable,,1,,,0,0,,,,,1,,,8.9,,,,,,,,,,,,383,"{""total"":0,""to_translate"":{""en"":4,""he"":4}}",1,1,,,,,,,,
1481,simple,,צלחות קרטון בצורת לב ורוד מטאלי מסיבתה,ורוד מטאלי,1,0,visible,,,,,taxable,,1,,,0,0,,,,,1,,,17.9,,,,,,,,,,,,384,"{""total"":0,""to_translate"":{""en"":4,""he"":4}}",1,1,,,,,,,,
1482,simple,,צלחות קרטון ורוד מטאלי כהה עגולות גדולות מסיבתה,ורוד מטאלי,1,0,visible,,,,,taxable,,1,,,0,0,,,,,1,,,17.9,,,,,,,,,,,,385,"{""total"":0,""to_translate"":{""en"":4,""he"":4}}",1,1,,,,,,,,
1483,simple,,תכלת מטאלי,,1,0,visible,,,,,taxable,,1,,,0,0,,,,,1,,,,,,,,,,,,,,,386,"{""total"":0,""to_translate"":{""en"":4,""he"":4}}",1,1,,,,,,,,
1484,simple,,צלחות מתומן תכלת מטאלי קטנות מסיבתה,תכלת מטאלי,1,0,visible,,,,,taxable,,1,,,0,0,,,,,1,,,11.9,,,,,,,,,,,,387,"{""total"":0,""to_translate"":{""en"":4,""he"":4}}",1,1,,,,,,,,
1485,simple,,צלחות מתומן תכלת מטאלי גדולות מסיבתה,תכלת מטאלי,1,0,visible,,,,,taxable,,1,,,0,0,,,,,1,,,17.9,,,,,,,,,,,,388,"{""total"":0,""to_translate"":{""en"":4,""he"":4}}",1,1,,,,,,,,
1486,simple,,צלחות לב תכלת מטאלי קטנות,תכלת מטאלי,1,0,visible,,,,,taxable,,1,,,0,0,,,,,1,,,17.9,,,,,,,,,,,,389,"{""total"":0,""to_translate"":{""en"":4,""he"":4}}",1,1,,,,,,,,
1487,simple,,כוסות קרטון תכלת מטאלי מסיבתה,תכלת מטאלי,1,0,visible,,,,,taxable,,1,,,0,0,,,,,1,,,11.9,,,,,,,,,,,,390,"{""total"":0,""to_translate"":{""en"":4,""he"":4}}",1,1,,,,,,,,
1488,simple,,EMOJI COLLECTION,,1,0,visible,,,,,taxable,,1,,,0,0,,,,,1,,,,,,,,,,,,,,,391,"{""total"":0,""to_translate"":{""en"":4,""he"":4}}",1,1,,,,,,,,
1489,simple,,צלחות קרטון עגולות גדולות PARTY TIME תכלת ורוד,EMOJI COLLECTION,1,0,visible,,,,,taxable,,1,,,0,0,,,,,1,,,10.9,,,,,,,,,,,,392,"{""total"":0,""to_translate"":{""en"":4,""he"":4}}",1,1,,,,,,,,
1490,simple,,צלחות קרטון עגולות גדולות Lets calebrite ירוק חאקי וזהב ,EMOJI COLLECTION,1,0,visible,,,,,taxable,,1,,,0,0,,,,,1,,,10.9,,,,,,,,,,,,393,"{""total"":0,""to_translate"":{""en"":4,""he"":4}}",1,1,,,,,,,,
1491,simple,,צלחות קרטון עגולות גדולות Hip hooray חד קרן ורוד,EMOJI COLLECTION,1,0,visible,,,,,taxable,,1,,,0,0,,,,,1,,,10.9,,,,,,,,,,,,394,"{""total"":0,""to_translate"":{""en"":4,""he"":4}}",1,1,,,,,,,,
1492,simple,,HAPPY BIRTHDAY,,1,0,visible,,,,,taxable,,1,,,0,0,,,,,1,,,,,,,,,,,,,,,395,"{""total"":0,""to_translate"":{""en"":4,""he"":4}}",1,1,,,,,,,,
1493,simple,,דלי פופקורן גדול happy birt צבעי חד קרן ,HAPPY BIRTHDAY,1,0,visible,,,,,taxable,,1,,,0,0,,,,,1,,,5.9,,,,,,,,,,,,396,"{""total"":0,""to_translate"":{""en"":4,""he"":4}}",1,1,,,,,,,,
1494,simple,,צלחות קרטון עגולות happy birthday כסף זהב ,HAPPY BIRTHDAY,1,0,visible,,,,,taxable,,1,,,0,0,,,,,1,,,13.9,,,,,,,,,,,,397,"{""total"":0,""to_translate"":{""en"":4,""he"":4}}",1,1,,,,,,,,
1495,simple,,מפיות happy birthday כסף זהב ,HAPPY BIRTHDAY,1,0,visible,,,,,taxable,,1,,,0,0,,,,,1,,,13.9,,,,,,,,,,,,398,"{""total"":0,""to_translate"":{""en"":4,""he"":4}}",1,1,,,,,,,,
1496,simple,,צלחות קרטון עגולות happy birthday מוטבע זהב על שחור,HAPPY BIRTHDAY,1,0,visible,,,,,taxable,,1,,,0,0,,,,,1,,,16.9,,,,,,,,,,,,399,"{""total"":0,""to_translate"":{""en"":4,""he"":4}}",1,1,,,,,,,,
1497,simple,,מפיות שחורות מוטבע עיגולים זהב ,HAPPY BIRTHDAY,1,0,visible,,,,,taxable,,1,,,0,0,,,,,1,,,16.9,,,,,,,,,,,,400,"{""total"":0,""to_translate"":{""en"":4,""he"":4}}",1,1,,,,,,,,
1498,simple,,כוסות נייר יוקרתיות סדרת הבועות,,1,0,visible,,,,,taxable,,1,,,0,0,,,,,1,,,,,,,,,,,,,,,401,"{""total"":0,""to_translate"":{""en"":4,""he"":4}}",1,1,,,,,,,,
1499,simple,,כוסות נייר יוקרתיות סדרת הבועות ירוק בהיר,כוסות נייר יוקרתיות סדרת הבועות,1,0,visible,,,,,taxable,,1,,,0,0,,,,,1,,,12.9,,,,,,,,,,,,402,"{""total"":0,""to_translate"":{""en"":4,""he"":4}}",1,1,,,,,,,,
1500,simple,,כוסות נייר יוקרתיות סדרת הבועות צהוב,כוסות נייר יוקרתיות סדרת הבועות,1,0,visible,,,,,taxable,,1,,,0,0,,,,,1,,,12.9,,,,,,,,,,,,403,"{""total"":0,""to_translate"":{""en"":4,""he"":4}}",1,1,,,,,,,,
1501,simple,,כוסות נייר יוקרתיות סדרת הבועות תכלת,כוסות נייר יוקרתיות סדרת הבועות,1,0,visible,,,,,taxable,,1,,,0,0,,,,,1,,,12.9,,,,,,,,,,,,404,"{""total"":0,""to_translate"":{""en"":4,""he"":4}}",1,1,,,,,,,,
1502,simple,,כוסות נייר יוקרתיות סדרת הבועות קרם,כוסות נייר יוקרתיות סדרת הבועות,1,0,visible,,,,,taxable,,1,,,0,0,,,,,1,,,12.9,,,,,,,,,,,,405,"{""total"":0,""to_translate"":{""en"":4,""he"":4}}",1,1,,,,,,,,
1503,simple,,כוסות נייר יוקרתיות סדרת הבועות ורוד בהיר,כוסות נייר יוקרתיות סדרת הבועות,1,0,visible,,,,,taxable,,1,,,0,0,,,,,1,,,12.9,,,,,,,,,,,,406,"{""total"":0,""to_translate"":{""en"":4,""he"":4}}",1,1,,,,,,,,
1504,simple,,כוסות נייר יוקרתיות סדרת הבועות חום בהיר,כוסות נייר יוקרתיות סדרת הבועות,1,0,visible,,,,,taxable,,1,,,0,0,,,,,1,,,12.9,,,,,,,,,,,,407,"{""total"":0,""to_translate"":{""en"":4,""he"":4}}",1,1,,,,,,,,
1505,simple,,כוסות נייר יוקרתיות סדרת הבועות לבן,כוסות נייר יוקרתיות סדרת הבועות,1,0,visible,,,,,taxable,,1,,,0,0,,,,,1,,,12.9,,,,,,,,,,,,408,"{""total"":0,""to_translate"":{""en"":4,""he"":4}}",1,1,,,,,,,,
1506,simple,,כוסות נייר יוקרתיות סדרת הבועות שחור,כוסות נייר יוקרתיות סדרת הבועות,1,0,visible,,,,,taxable,,1,,,0,0,,,,,1,,,12.9,,,,,,,,,,,,409,"{""total"":0,""to_translate"":{""en"":4,""he"":4}}",1,1,,,,,,,,
1507,simple,,כוסות נייר יוקרתיות סדרת הבועות כסף,כוסות נייר יוקרתיות סדרת הבועות,1,0,visible,,,,,taxable,,1,,,0,0,,,,,1,,,12.9,,,,,,,,,,,,410,"{""total"":0,""to_translate"":{""en"":4,""he"":4}}",1,1,,,,,,,,
1508,simple,,כדורגל,,1,0,visible,,,,,taxable,,1,,,0,0,,,,,1,,,,,,,,,,,,,,,411,"{""total"":0,""to_translate"":{""en"":4,""he"":4}}",1,1,,,,,,,,
1509,simple,,צלחות קרטון עגולות כדורגל זהב ,כדורגל,1,0,visible,,,,,taxable,,1,,,0,0,,,,,1,,,13.9,,,,,,,,,,,,412,"{""total"":0,""to_translate"":{""en"":4,""he"":4}}",1,1,,,,,,,,
1510,simple,,כוסות פלסטיק כדורגל זהב ,כדורגל,1,0,visible,,,,,taxable,,1,,,0,0,,,,,1,,,9.9,,,,,,,,,,,,413,"{""total"":0,""to_translate"":{""en"":4,""he"":4}}",1,1,,,,,,,,
1511,simple,,מפיות כדורגל זהב ,כדורגל,1,0,visible,,,,,taxable,,1,,,0,0,,,,,1,,,13.9,,,,,,,,,,,,414,"{""total"":0,""to_translate"":{""en"":4,""he"":4}}",1,1,,,,,,,,
1512,simple,,דונאטס בצבעים,,1,0,visible,,,,,taxable,,1,,,0,0,,,,,1,,,,,,,,,,,,,,,415,"{""total"":0,""to_translate"":{""en"":4,""he"":4}}",1,1,,,,,,,,
1513,simple,,טופרים לקאפקייקס דונאטס,דונאטס בצבעים,1,0,visible,,,,,taxable,,1,,,0,0,,,,,1,,,11.9,,,,,,,,,,,,416,"{""total"":0,""to_translate"":{""en"":4,""he"":4}}",1,1,,,,,,,,
1514,simple,,צלחות נייר עגולות דונאטס קרטון מסיבתה ,דונאטס בצבעים,1,0,visible,,,,,taxable,,1,,,0,0,,,,,1,,,18.9,,,,,,,,,,,,417,"{""total"":0,""to_translate"":{""en"":4,""he"":4}}",1,1,,,,,,,,
1515,simple,,דיגלונים לתלייה דונאטס,דונאטס בצבעים,1,0,visible,,,,,taxable,,1,,,0,0,,,,,1,,,13.9,,,,,,,,,,,,418,"{""total"":0,""to_translate"":{""en"":4,""he"":4}}",1,1,,,,,,,,
1516,simple,,SUMMER COLLECTION,,1,0,visible,,,,,taxable,,1,,,0,0,,,,,1,,,,,,,,,,,,,,,419,"{""total"":0,""to_translate"":{""en"":4,""he"":4}}",1,1,,,,,,,,
1517,simple,,מפיות בצורת אבטיח ,SUMMER COLLECTION,1,0,visible,,,,,taxable,,1,,,0,0,,,,,1,,,13.9,,,,,,,,,,,,420,"{""total"":0,""to_translate"":{""en"":4,""he"":4}}",1,1,,,,,,,,
1518,simple,,מפיות מרובעות אבטיח + לימון תכלת ,SUMMER COLLECTION,1,0,visible,,,,,taxable,,1,,,0,0,,,,,1,,,9.9,,,,,,,,,,,,421,"{""total"":0,""to_translate"":{""en"":4,""he"":4}}",1,1,,,,,,,,
1519,simple,,כוסות קרטון 'סאמר טיים' מוטבע זהב ,SUMMER COLLECTION,1,0,visible,,,,,taxable,,1,,,0,0,,,,,1,,,11.9,,,,,,,,,,,,422,"{""total"":0,""to_translate"":{""en"":4,""he"":4}}",1,1,,,,,,,,
1520,simple,,מפיות אננס מוטבע זהב ,SUMMER COLLECTION,1,0,visible,,,,,taxable,,1,,,0,0,,,,,1,,,17.9,,,,,,,,,,,,423,"{""total"":0,""to_translate"":{""en"":4,""he"":4}}",1,1,,,,,,,,
1521,simple,,צלחות קרטון עגולות 'סאמר טיים' מוטבע זהב ,SUMMER COLLECTION,1,0,visible,,,,,taxable,,1,,,0,0,,,,,1,,,16.9,,,,,,,,,,,,424,"{""total"":0,""to_translate"":{""en"":4,""he"":4}}",1,1,,,,,,,,
1522,simple,,מפיות מרובעות אבטיח אדומות,SUMMER COLLECTION,1,0,visible,,,,,taxable,,1,,,0,0,,,,,1,,,13.9,,,,,,,,,,,,425,"{""total"":0,""to_translate"":{""en"":4,""he"":4}}",1,1,,,,,,,,
1523,simple,,כוסות פלסטיק אבטיח ,SUMMER COLLECTION,1,0,visible,,,,,taxable,,1,,,0,0,,,,,1,,,9.9,,,,,,,,,,,,426,"{""total"":0,""to_translate"":{""en"":4,""he"":4}}",1,1,,,,,,,,
1524,simple,,צלחות קרטון עגולות אבטיח,SUMMER COLLECTION,1,0,visible,,,,,taxable,,1,,,0,0,,,,,1,,,13.9,,,,,,,,,,,,427,"{""total"":0,""to_translate"":{""en"":4,""he"":4}}",1,1,,,,,,,,
1525,simple,,פלסטיק לסוכריות אבטיח ,SUMMER COLLECTION,1,0,visible,,,,,taxable,,1,,,0,0,,,,,1,,,6,,,,,,,,,,,,428,"{""total"":0,""to_translate"":{""en"":4,""he"":4}}",1,1,,,,,,,,
1526,simple,,מפיות מניפה ורוד לבן ,SUMMER COLLECTION,1,0,visible,,,,,taxable,,1,,,0,0,,,,,1,,,11.9,,,,,,,,,,,,429,"{""total"":0,""to_translate"":{""en"":4,""he"":4}}",1,1,,,,,,,,
1527,simple,,מפיות מניפה תכלת לבן,SUMMER COLLECTION,1,0,visible,,,,,taxable,,1,,,0,0,,,,,1,,,11.9,,,,,,,,,,,,430,"{""total"":0,""to_translate"":{""en"":4,""he"":4}}",1,1,,,,,,,,
1528,simple,,אננס,,1,0,visible,,,,,taxable,,1,,,0,0,,,,,1,,,,,,,,,,,,,,,431,"{""total"":0,""to_translate"":{""en"":4,""he"":4}}",1,1,,,,,,,,
1529,simple,,צלחות קרטון עגולות אננסים ורוד תכלת כחול ,אננס,1,0,visible,,,,,taxable,,1,,,0,0,,,,,1,,,13.9,,,,,,,,,,,,432,"{""total"":0,""to_translate"":{""en"":4,""he"":4}}",1,1,,,,,,,,
1530,simple,,מפיות אננס ורוד כחולות,אננס,1,0,visible,,,,,taxable,,1,,,0,0,,,,,1,,,13.9,,,,,,,,,,,,433,"{""total"":0,""to_translate"":{""en"":4,""he"":4}}",1,1,,,,,,,,
1531,simple,,כוסות פלסטיק אננס בצבעים ,אננס,1,0,visible,,,,,taxable,,1,,,0,0,,,,,1,,,9.9,,,,,,,,,,,,434,"{""total"":0,""to_translate"":{""en"":4,""he"":4}}",1,1,,,,,,,,
1532,simple,,צלחות קרטון בצורת אננס ורוד זהב ,אננס,1,0,visible,,,,,taxable,,1,,,0,0,,,,,1,,,9.9,,,,,,,,,,,,435,"{""total"":0,""to_translate"":{""en"":4,""he"":4}}",1,1,,,,,,,,
1533,simple,,פלסטיק לסוכריות אננס ,אננס,1,0,visible,,,,,taxable,,1,,,0,0,,,,,1,,,6,,,,,,,,,,,,436,"{""total"":0,""to_translate"":{""en"":4,""he"":4}}",1,1,,,,,,,,
1534,simple,,מקלות ערבוב למשקה אננס בצבעים זוהרים,אננס,1,0,visible,,,,,taxable,,1,,,0,0,,,,,1,,,11.9,,,,,,,,,,,,437,"{""total"":0,""to_translate"":{""en"":4,""he"":4}}",1,1,,,,,,,,
1535,simple,,אננס קישוט תלייה צבעוני ,אננס,1,0,visible,,,,,taxable,,1,,,0,0,,,,,1,,,11.9,,,,,,,,,,,,438,"{""total"":0,""to_translate"":{""en"":4,""he"":4}}",1,1,,,,,,,,
1536,simple,,קונפטי אננס בצבעים זוהרים ,אננס,1,0,visible,,,,,taxable,,1,,,0,0,,,,,1,,,8.9,,,,,,,,,,,,439,"{""total"":0,""to_translate"":{""en"":4,""he"":4}}",1,1,,,,,,,,
1537,simple,,עטבי תלייה אננס עץ,אננס,1,0,visible,,,,,taxable,,1,,,0,0,,,,,1,,,9.9,,,,,,,,,,,,440,"{""total"":0,""to_translate"":{""en"":4,""he"":4}}",1,1,,,,,,,,
1538,simple,,בת ים,,1,0,visible,,,,,taxable,,1,,,0,0,,,,,1,,,,,,,,,,,,,,,441,"{""total"":0,""to_translate"":{""en"":4,""he"":4}}",1,1,,,,,,,,
1539,simple,,צלחות קרטון עגולות מוטבע בת ים זהב ,בת ים,1,0,visible,,,,,taxable,,1,,,0,0,,,,,1,,,18.9,,,,,,,,,,,,442,"{""total"":0,""to_translate"":{""en"":4,""he"":4}}",1,1,,,,,,,,
1540,simple,,צלחות קרטון צדפה,בת ים,1,0,visible,,,,,taxable,,1,,,0,0,,,,,1,,,13.9,,,,,,,,,,,,443,"{""total"":0,""to_translate"":{""en"":4,""he"":4}}",1,1,,,,,,,,
1541,simple,,מפיות צדפות,בת ים,1,0,visible,,,,,taxable,,1,,,0,0,,,,,1,,,13.9,,,,,,,,,,,,444,"{""total"":0,""to_translate"":{""en"":4,""he"":4}}",1,1,,,,,,,,
1542,simple,,כוסות פלסטיק סוסון ים ורודות,בת ים,1,0,visible,,,,,taxable,,1,,,0,0,,,,,1,,,9.9,,,,,,,,,,,,445,"{""total"":0,""to_translate"":{""en"":4,""he"":4}}",1,1,,,,,,,,
1543,simple,,חבילת זנבות בת ים פלסטיק לסוכריות,בת ים,1,0,visible,,,,,taxable,,1,,,0,0,,,,,1,,,7.9,,,,,,,,,,,,446,"{""total"":0,""to_translate"":{""en"":4,""he"":4}}",1,1,,,,,,,,
1544,simple,,קונפטי צדפות תכלת ורוד מטאלי,בת ים,1,0,visible,,,,,taxable,,1,,,0,0,,,,,1,,,7.9,,,,,,,,,,,,447,"{""total"":0,""to_translate"":{""en"":4,""he"":4}}",1,1,,,,,,,,
1545,simple,,קופסאות פופקורן קרטוןבת ים ,בת ים,1,0,visible,,,,,taxable,,1,,,0,0,,,,,1,,,11.9,,,,,,,,,,,,448,"{""total"":0,""to_translate"":{""en"":4,""he"":4}}",1,1,,,,,,,,
1546,simple,,באנר תלייה בת ים 3 צבעים,בת ים,1,0,visible,,,,,taxable,,1,,,0,0,,,,,1,,,12.9,,,,,,,,,,,,449,"{""total"":0,""to_translate"":{""en"":4,""he"":4}}",1,1,,,,,,,,
1547,simple,,כרזת יום הולדת HAPPY BIRTHDAY בת ים תכלת נצנצים,בת ים,1,0,visible,,,,,taxable,,1,,,0,0,,,,,1,,,16.9,,,,,,,,,,,,450,"{""total"":0,""to_translate"":{""en"":4,""he"":4}}",1,1,,,,,,,,
