מזהה,סוג,"מק""ט",Name,פורסם,האם מומלץ?,נראות בקטלוג,תיאור קצר,תיאור,תאריך התחלה של מחיר המבצע,תאריך סיום של מחיר המבצע,Tax status,סוג מס,במלאי?,מלאי,כמות של מלאי מועט,לאפשר הזמנות מראש?,נמכר בנפרד?,משקל (kg),אורך (cm),רוחב (cm),גובה (cm),לאפשר חוות דעת של לקוחות?,הערת רכישה,מחיר מבצע,מחיר רגיל,Categories,תגיות,Shipping class,תמונות,הגבלת הורדות,ימים שנותרו לתוקף ההורדה,אב,מוצרים מקובצים,מוצרים משודרגים,מוצרים משלימים,URL חיצוני,טקסט כפתור,מיקום,כלים: _wpml_word_count,כלים: _wpml_media_featured,כלים: _wpml_media_duplicate
277,simple,,צלחת מרובעת,1,0,visible,,"<div class=""short-description"">\n<div class=""std"">מזרן מתנפח ענק בצורת קאפקייק מושלם למסיבות בריכה, מסיבות קיץ, מסיבות רווקות ועוד. גודל המזרן: 150 * 120 ס""מ.</div>\n</div>\n<div class=""product-info"">\n<div></div>\n</div>",,,taxable,,1,,,0,0,,,,,1,,,13.9,ימי הולדת בנים,,,"https://celebrationbyorel.com/wp-content/uploads/2019/08/cupcake-inflatabe.jpg, https://celebrationbyorel.com/wp-content/uploads/2019/08/cupcake-inflatabe.jpg",,,,,,,,,0,"{""total"":28,""to_translate"":{""en"":28}}",1,1
280,simple,,צלחת מרובעת קרטון,1,0,visible,,"<div class=""short-description"">\n<div class=""std"">\n<div class=""short-description"">\n<div class=""std"">קולר מתנפח לשתייה, בצורת עץ דקל. מושלם להגשת שתייה קרה במסיבות בריכה, מסיבות קיץ, מסיבות רווקות ועוד. גודל הקולר: 44 * 62 ס""מ.</div>\n</div>\n<div class=""product-info"">\n<div></div>\n</div>\n</div>\n</div>",,,taxable,,1,,,0,0,,,,,1,,,17.9,ימי הולדת בנים,,,"https://celebrationbyorel.com/wp-content/uploads/2019/08/bpi-palm-tree-drinks-cooler.jpg, https://celebrationbyorel.com/wp-content/uploads/2019/08/bpi-palm-tree-drinks-cooler.jpg",,,,,,,,,0,"{""total"":32,""to_translate"":{""en"":32}}",1,1
283,simple,,צלחת עגולה ,1,0,visible,,"<div class=""short-description"">\n<div class=""std"">חד קרן מתנפח בצבע לבן בשילוב שקוף גליטר. מושלם למסיבות בריכה, מסיבות קיץ, מסיבות רווקות ועוד. גודל החד קרן: 90 ס""מ.</div>\n</div>\n<div class=""product-info"">\n<div></div>\n</div>",,,taxable,,1,,,0,0,,,,,1,,,15.9,ימי הולדת בנים,,,"https://celebrationbyorel.com/wp-content/uploads/2019/08/sparkle-unicorn-pool-float_1.jpg, https://celebrationbyorel.com/wp-content/uploads/2019/08/sparkle-unicorn-pool-float_1.jpg",,,,,,,,,0,"{""total"":36,""to_translate"":{""en"":36}}",1,1
286,simple,,מפיות,1,0,visible,,"<div class=""short-description"">\n<div class=""std"">בריכה מתנפחת בצורת פלמינגו ורוד, שהילדים לא יצאו ממנה כך הקיץ! קוטר הבריכה: 150 ס""מ.</div>\n</div>\n<div class=""product-info"">\n<div></div>\n</div>",,,taxable,,1,,,0,0,,,,,1,,,13.9,ימי הולדת בנים,,,"https://celebrationbyorel.com/wp-content/uploads/2019/08/flamingo-shaped-swimming-pool-2.jpg, https://celebrationbyorel.com/wp-content/uploads/2019/08/flamingo-shaped-swimming-pool-2-1.jpg",,,,,,,,,0,"{""total"":24,""to_translate"":{""en"":24}}",1,1
291,simple,,כוסות,1,0,visible,,"<div class=""short-description"">\n<div class=""std"">כדור ים ענק מלא בנוצות ורודות, משחק מושלם במסיבות בריכה, בבילוי בים ועוד. קוטר הכדור: 90 ס""מ.</div>\n</div>\n<div class=""product-info"">\n<div></div>\n</div>",,,taxable,,1,,,0,0,,,,,1,,,9.9,ימי הולדת בנים,,,"https://celebrationbyorel.com/wp-content/uploads/2019/08/bpi-pink-feathers-beach-ball-90-cm.jpg, https://celebrationbyorel.com/wp-content/uploads/2019/08/bpi-pink-feathers-beach-ball-90-cm.jpg",,,,,,,,,0,"{""total"":28,""to_translate"":{""en"":28}}",1,1
296,simple,,צלחת מרובעת ,1,0,visible,,"<div class=""short-description"">\n<div class=""std"">זוג מצופים בצורת פלמינגו. גודל המצופים: 23 ס""מ.</div>\n</div>\n<div class=""product-info"">\n<div></div>\n</div>",,,taxable,,1,,,0,0,,,,,1,,,17.9,ימי הולדת בנים,,,"https://celebrationbyorel.com/wp-content/uploads/2019/08/flamingo-arm-rings.jpg, https://celebrationbyorel.com/wp-content/uploads/2019/08/flamingo-arm-rings.jpg",,,,,,,,,0,"{""total"":15,""to_translate"":{""en"":15}}",1,1
296,simple,,צלחת עגולה ,1,0,visible,,"<div class=""short-description"">\n<div class=""std"">מזרן מתנפח ענק בצורת קאפקייק מושלם למסיבות בריכה, מסיבות קיץ, מסיבות רווקות ועוד. גודל המזרן: 150 * 120 ס""מ.</div>\n</div>\n<div class=""product-info"">\n<div></div>\n</div>",,,taxable,,1,,,0,0,,,,,1,,,13.9,ימי הולדת בנים,,,"https://celebrationbyorel.com/wp-content/uploads/2019/08/cupcake-inflatabe.jpg, https://celebrationbyorel.com/wp-content/uploads/2019/08/cupcake-inflatabe.jpg",,,,,,,,,0,"{""total"":28,""to_translate"":{""en"":28}}",1,1
296,simple,,מפיות נסיכות,1,0,visible,,"<div class=""short-description"">\n<div class=""std"">\n<div class=""short-description"">\n<div class=""std"">קולר מתנפח לשתייה, בצורת עץ דקל. מושלם להגשת שתייה קרה במסיבות בריכה, מסיבות קיץ, מסיבות רווקות ועוד. גודל הקולר: 44 * 62 ס""מ.</div>\n</div>\n<div class=""product-info"">\n<div></div>\n</div>\n</div>\n</div>",,,taxable,,1,,,0,0,,,,,1,,,13.9,ימי הולדת בנים,,,"https://celebrationbyorel.com/wp-content/uploads/2019/08/bpi-palm-tree-drinks-cooler.jpg, https://celebrationbyorel.com/wp-content/uploads/2019/08/bpi-palm-tree-drinks-cooler.jpg",,,,,,,,,0,"{""total"":32,""to_translate"":{""en"":32}}",1,1
296,simple,,מפיות טירת נסיכות ,1,0,visible,,"<div class=""short-description"">\n<div class=""std"">חד קרן מתנפח בצבע לבן בשילוב שקוף גליטר. מושלם למסיבות בריכה, מסיבות קיץ, מסיבות רווקות ועוד. גודל החד קרן: 90 ס""מ.</div>\n</div>\n<div class=""product-info"">\n<div></div>\n</div>",,,taxable,,1,,,0,0,,,,,1,,,14.9,ימי הולדת בנים,,,"https://celebrationbyorel.com/wp-content/uploads/2019/08/sparkle-unicorn-pool-float_1.jpg, https://celebrationbyorel.com/wp-content/uploads/2019/08/sparkle-unicorn-pool-float_1.jpg",,,,,,,,,0,"{""total"":36,""to_translate"":{""en"":36}}",1,1
296,simple,,כוסות טירת נסיכות ,1,0,visible,,"<div class=""short-description"">\n<div class=""std"">בריכה מתנפחת בצורת פלמינגו ורוד, שהילדים לא יצאו ממנה כך הקיץ! קוטר הבריכה: 150 ס""מ.</div>\n</div>\n<div class=""product-info"">\n<div></div>\n</div>",,,taxable,,1,,,0,0,,,,,1,,,9.9,ימי הולדת בנים,,,"https://celebrationbyorel.com/wp-content/uploads/2019/08/flamingo-shaped-swimming-pool-2.jpg, https://celebrationbyorel.com/wp-content/uploads/2019/08/flamingo-shaped-swimming-pool-2-1.jpg",,,,,,,,,0,"{""total"":24,""to_translate"":{""en"":24}}",1,1
296,simple,,מנשפים ,1,0,visible,,"<div class=""short-description"">\n<div class=""std"">כדור ים ענק מלא בנוצות ורודות, משחק מושלם במסיבות בריכה, בבילוי בים ועוד. קוטר הכדור: 90 ס""מ.</div>\n</div>\n<div class=""product-info"">\n<div></div>\n</div>",,,taxable,,1,,,0,0,,,,,1,,,10.9,ימי הולדת בנים,,,"https://celebrationbyorel.com/wp-content/uploads/2019/08/bpi-pink-feathers-beach-ball-90-cm.jpg, https://celebrationbyorel.com/wp-content/uploads/2019/08/bpi-pink-feathers-beach-ball-90-cm.jpg",,,,,,,,,0,"{""total"":28,""to_translate"":{""en"":28}}",1,1
296,simple,,צלחת עגולה ,1,0,visible,,"<div class=""short-description"">\n<div class=""std"">זוג מצופים בצורת פלמינגו. גודל המצופים: 23 ס""מ.</div>\n</div>\n<div class=""product-info"">\n<div></div>\n</div>",,,taxable,,1,,,0,0,,,,,1,,,16.9,ימי הולדת בנים,,,"https://celebrationbyorel.com/wp-content/uploads/2019/08/flamingo-arm-rings.jpg, https://celebrationbyorel.com/wp-content/uploads/2019/08/flamingo-arm-rings.jpg",,,,,,,,,0,"{""total"":15,""to_translate"":{""en"":15}}",1,1
296,simple,,צלחת עגולה ,1,0,visible,,"<div class=""short-description"">\n<div class=""std"">מזרן מתנפח ענק בצורת קאפקייק מושלם למסיבות בריכה, מסיבות קיץ, מסיבות רווקות ועוד. גודל המזרן: 150 * 120 ס""מ.</div>\n</div>\n<div class=""product-info"">\n<div></div>\n</div>",,,taxable,,1,,,0,0,,,,,1,,,13.9,ימי הולדת בנים,,,"https://celebrationbyorel.com/wp-content/uploads/2019/08/cupcake-inflatabe.jpg, https://celebrationbyorel.com/wp-content/uploads/2019/08/cupcake-inflatabe.jpg",,,,,,,,,0,"{""total"":28,""to_translate"":{""en"":28}}",1,1
296,simple,,מפיות 202 ,1,0,visible,,"<div class=""short-description"">\n<div class=""std"">\n<div class=""short-description"">\n<div class=""std"">קולר מתנפח לשתייה, בצורת עץ דקל. מושלם להגשת שתייה קרה במסיבות בריכה, מסיבות קיץ, מסיבות רווקות ועוד. גודל הקולר: 44 * 62 ס""מ.</div>\n</div>\n<div class=""product-info"">\n<div></div>\n</div>\n</div>\n</div>",,,taxable,,1,,,0,0,,,,,1,,,19.9,ימי הולדת בנים,,,"https://celebrationbyorel.com/wp-content/uploads/2019/08/bpi-palm-tree-drinks-cooler.jpg, https://celebrationbyorel.com/wp-content/uploads/2019/08/bpi-palm-tree-drinks-cooler.jpg",,,,,,,,,0,"{""total"":32,""to_translate"":{""en"":32}}",1,1
296,simple,,כוסות 202 ,1,0,visible,,"<div class=""short-description"">\n<div class=""std"">חד קרן מתנפח בצבע לבן בשילוב שקוף גליטר. מושלם למסיבות בריכה, מסיבות קיץ, מסיבות רווקות ועוד. גודל החד קרן: 90 ס""מ.</div>\n</div>\n<div class=""product-info"">\n<div></div>\n</div>",,,taxable,,1,,,0,0,,,,,1,,,13.9,ימי הולדת בנים,,,"https://celebrationbyorel.com/wp-content/uploads/2019/08/sparkle-unicorn-pool-float_1.jpg, https://celebrationbyorel.com/wp-content/uploads/2019/08/sparkle-unicorn-pool-float_1.jpg",,,,,,,,,0,"{""total"":36,""to_translate"":{""en"":36}}",1,1
296,simple,,צלחת מרובעת אנה ,1,0,visible,,"<div class=""short-description"">\n<div class=""std"">קולר מתנפח לשתייה, בצורת קקטוס. מושלם להגשת שתייה קרה במסיבות בריכה, מסיבות קיץ, מסיבות רווקות ועוד. גודל הקולר: 44 * 62 ס""מ.</div>\n</div>\n<div class=""product-info"">\n<div></div>\n</div>",,,taxable,,1,,,0,0,,,,,1,,,14,ימי הולדת בנים,,,"https://celebrationbyorel.com/wp-content/uploads/2019/08/bpi-cactus-drink-cooler_1_1.jpg, https://celebrationbyorel.com/wp-content/uploads/2019/08/bpi-cactus-drink-cooler_1_1-1.jpg",,,,,,,,,0,"{""total"":29,""to_translate"":{""en"":29}}",1,1
296,simple,,צלחת עגולה אנה ואלזה,1,0,visible,,"<div class=""short-description"">\n<div class=""std"">מזרן קקטוס מתנפח ענק, מושלם למסיבות בריכה, מסיבות קיץ, מסיבות רווקות ועוד. גודל המזרון: 145 * 180 ס""מ.</div>\n</div>\n<div class=""product-info"">\n<div></div>\n</div>",,,taxable,,1,,,0,0,,,,,1,,,11.9,ימי הולדת בנים,,,"https://celebrationbyorel.com/wp-content/uploads/2019/08/inflatable-cactus.jpg, https://celebrationbyorel.com/wp-content/uploads/2019/08/inflatable-cactus.jpg",,,,,,,,,0,"{""total"":27,""to_translate"":{""en"":27}}",1,1
296,simple,,צלחת עגולה אנה ואלזה,1,0,visible,,"<div class=""short-description"">\n<div class=""std"">זוג מצופים בצורת פלמינגו. גודל המצופים: 23 ס""מ.</div>\n</div>\n<div class=""product-info"">\n<div></div>\n</div>",,,taxable,,1,,,0,0,,,,,1,,,11.9,ימי הולדת בנים,,,"https://celebrationbyorel.com/wp-content/uploads/2019/08/flamingo-arm-rings.jpg, https://celebrationbyorel.com/wp-content/uploads/2019/08/flamingo-arm-rings.jpg",,,,,,,,,0,"{""total"":15,""to_translate"":{""en"":15}}",1,1
296,simple,,מפיות אנה ואלזה ,1,0,visible,,"<div class=""short-description"">\n<div class=""std"">מזרן מתנפח ענק בצורת קאפקייק מושלם למסיבות בריכה, מסיבות קיץ, מסיבות רווקות ועוד. גודל המזרן: 150 * 120 ס""מ.</div>\n</div>\n<div class=""product-info"">\n<div></div>\n</div>",,,taxable,,1,,,0,0,,,,,1,,,14.9,ימי הולדת בנים,,,"https://celebrationbyorel.com/wp-content/uploads/2019/08/cupcake-inflatabe.jpg, https://celebrationbyorel.com/wp-content/uploads/2019/08/cupcake-inflatabe.jpg",,,,,,,,,0,"{""total"":28,""to_translate"":{""en"":28}}",1,1
296,simple,,כוסות פרוזן אנה ואלזה ,1,0,visible,,"<div class=""short-description"">\n<div class=""std"">\n<div class=""short-description"">\n<div class=""std"">קולר מתנפח לשתייה, בצורת עץ דקל. מושלם להגשת שתייה קרה במסיבות בריכה, מסיבות קיץ, מסיבות רווקות ועוד. גודל הקולר: 44 * 62 ס""מ.</div>\n</div>\n<div class=""product-info"">\n<div></div>\n</div>\n</div>\n</div>",,,taxable,,1,,,0,0,,,,,1,,,9.9,ימי הולדת בנים,,,"https://celebrationbyorel.com/wp-content/uploads/2019/08/bpi-palm-tree-drinks-cooler.jpg, https://celebrationbyorel.com/wp-content/uploads/2019/08/bpi-palm-tree-drinks-cooler.jpg",,,,,,,,,0,"{""total"":32,""to_translate"":{""en"":32}}",1,1
296,simple,,מנשפים אנה ואלזה ,1,0,visible,,"<div class=""short-description"">\n<div class=""std"">חד קרן מתנפח בצבע לבן בשילוב שקוף גליטר. מושלם למסיבות בריכה, מסיבות קיץ, מסיבות רווקות ועוד. גודל החד קרן: 90 ס""מ.</div>\n</div>\n<div class=""product-info"">\n<div></div>\n</div>",,,taxable,,1,,,0,0,,,,,1,,,10.9,ימי הולדת בנים,,,"https://celebrationbyorel.com/wp-content/uploads/2019/08/sparkle-unicorn-pool-float_1.jpg, https://celebrationbyorel.com/wp-content/uploads/2019/08/sparkle-unicorn-pool-float_1.jpg",,,,,,,,,0,"{""total"":36,""to_translate"":{""en"":36}}",1,1
296,simple,,כובעים ,1,0,visible,,"<div class=""short-description"">\n<div class=""std"">בריכה מתנפחת בצורת פלמינגו ורוד, שהילדים לא יצאו ממנה כך הקיץ! קוטר הבריכה: 150 ס""מ.</div>\n</div>\n<div class=""product-info"">\n<div></div>\n</div>",,,taxable,,1,,,0,0,,,,,1,,,10.9,ימי הולדת בנים,,,"https://celebrationbyorel.com/wp-content/uploads/2019/08/flamingo-shaped-swimming-pool-2.jpg, https://celebrationbyorel.com/wp-content/uploads/2019/08/flamingo-shaped-swimming-pool-2-1.jpg",,,,,,,,,0,"{""total"":24,""to_translate"":{""en"":24}}",1,1
296,simple,,צלחת פרוזן עגולה ,1,0,visible,,"<div class=""short-description"">\n<div class=""std"">כדור ים ענק מלא בנוצות ורודות, משחק מושלם במסיבות בריכה, בבילוי בים ועוד. קוטר הכדור: 90 ס""מ.</div>\n</div>\n<div class=""product-info"">\n<div></div>\n</div>",,,taxable,,1,,,0,0,,,,,1,,,13.9,ימי הולדת בנים,,,"https://celebrationbyorel.com/wp-content/uploads/2019/08/bpi-pink-feathers-beach-ball-90-cm.jpg, https://celebrationbyorel.com/wp-content/uploads/2019/08/bpi-pink-feathers-beach-ball-90-cm.jpg",,,,,,,,,0,"{""total"":28,""to_translate"":{""en"":28}}",1,1
296,simple,,צלחת אולף עגולה ,1,0,visible,,"<div class=""short-description"">\n<div class=""std"">קולר מתנפח לשתייה, בצורת קקטוס. מושלם להגשת שתייה קרה במסיבות בריכה, מסיבות קיץ, מסיבות רווקות ועוד. גודל הקולר: 44 * 62 ס""מ.</div>\n</div>\n<div class=""product-info"">\n<div></div>\n</div>",,,taxable,,1,,,0,0,,,,,1,,,16.9,ימי הולדת בנים,,,"https://celebrationbyorel.com/wp-content/uploads/2019/08/bpi-cactus-drink-cooler_1_1.jpg, https://celebrationbyorel.com/wp-content/uploads/2019/08/bpi-cactus-drink-cooler_1_1-1.jpg",,,,,,,,,0,"{""total"":29,""to_translate"":{""en"":29}}",1,1
296,simple,,כוסות קרטון אולף,1,0,visible,,"<div class=""short-description"">\n<div class=""std"">מזרן קקטוס מתנפח ענק, מושלם למסיבות בריכה, מסיבות קיץ, מסיבות רווקות ועוד. גודל המזרון: 145 * 180 ס""מ.</div>\n</div>\n<div class=""product-info"">\n<div></div>\n</div>",,,taxable,,1,,,0,0,,,,,1,,,12.9,ימי הולדת בנים,,,"https://celebrationbyorel.com/wp-content/uploads/2019/08/inflatable-cactus.jpg, https://celebrationbyorel.com/wp-content/uploads/2019/08/inflatable-cactus.jpg",,,,,,,,,0,"{""total"":27,""to_translate"":{""en"":27}}",1,1
296,simple,,דלי פופקורן אנה ואלזה,1,0,visible,,"<div class=""short-description"">\n<div class=""std"">זוג מצופים בצורת פלמינגו. גודל המצופים: 23 ס""מ.</div>\n</div>\n<div class=""product-info"">\n<div></div>\n</div>",,,taxable,,1,,,0,0,,,,,1,,,15,ימי הולדת בנים,,,"https://celebrationbyorel.com/wp-content/uploads/2019/08/flamingo-arm-rings.jpg, https://celebrationbyorel.com/wp-content/uploads/2019/08/flamingo-arm-rings.jpg",,,,,,,,,0,"{""total"":15,""to_translate"":{""en"":15}}",1,1
296,simple,,צלחות עגולות,1,0,visible,,"<div class=""short-description"">\n<div class=""std"">חד קרן מתנפח בצבע לבן בשילוב שקוף גליטר. מושלם למסיבות בריכה, מסיבות קיץ, מסיבות רווקות ועוד. גודל החד קרן: 90 ס""מ.</div>\n</div>\n<div class=""product-info"">\n<div></div>\n</div>",,,taxable,,1,,,0,0,,,,,1,,,9.9,ימי הולדת בנים,,,"https://celebrationbyorel.com/wp-content/uploads/2019/08/sparkle-unicorn-pool-float_1.jpg, https://celebrationbyorel.com/wp-content/uploads/2019/08/sparkle-unicorn-pool-float_1.jpg",,,,,,,,,0,"{""total"":36,""to_translate"":{""en"":36}}",1,1
296,simple,,צלחות עגולות,1,0,visible,,"<div class=""short-description"">\n<div class=""std"">בריכה מתנפחת בצורת פלמינגו ורוד, שהילדים לא יצאו ממנה כך הקיץ! קוטר הבריכה: 150 ס""מ.</div>\n</div>\n<div class=""product-info"">\n<div></div>\n</div>",,,taxable,,1,,,0,0,,,,,1,,,13.9,ימי הולדת בנים,,,"https://celebrationbyorel.com/wp-content/uploads/2019/08/flamingo-shaped-swimming-pool-2.jpg, https://celebrationbyorel.com/wp-content/uploads/2019/08/flamingo-shaped-swimming-pool-2-1.jpg",,,,,,,,,0,"{""total"":24,""to_translate"":{""en"":24}}",1,1
296,simple,,צלחות מרובעות,1,0,visible,,"<div class=""short-description"">\n<div class=""std"">כדור ים ענק מלא בנוצות ורודות, משחק מושלם במסיבות בריכה, בבילוי בים ועוד. קוטר הכדור: 90 ס""מ.</div>\n</div>\n<div class=""product-info"">\n<div></div>\n</div>",,,taxable,,1,,,0,0,,,,,1,,,13.9,ימי הולדת בנים,,,"https://celebrationbyorel.com/wp-content/uploads/2019/08/bpi-pink-feathers-beach-ball-90-cm.jpg, https://celebrationbyorel.com/wp-content/uploads/2019/08/bpi-pink-feathers-beach-ball-90-cm.jpg",,,,,,,,,0,"{""total"":28,""to_translate"":{""en"":28}}",1,1
296,simple,,צלחות מרובעות,1,0,visible,,"<div class=""short-description"">\n<div class=""std"">קולר מתנפח לשתייה, בצורת קקטוס. מושלם להגשת שתייה קרה במסיבות בריכה, מסיבות קיץ, מסיבות רווקות ועוד. גודל הקולר: 44 * 62 ס""מ.</div>\n</div>\n<div class=""product-info"">\n<div></div>\n</div>",,,taxable,,1,,,0,0,,,,,1,,,17.9,ימי הולדת בנים,,,"https://celebrationbyorel.com/wp-content/uploads/2019/08/bpi-cactus-drink-cooler_1_1.jpg, https://celebrationbyorel.com/wp-content/uploads/2019/08/bpi-cactus-drink-cooler_1_1-1.jpg",,,,,,,,,0,"{""total"":29,""to_translate"":{""en"":29}}",1,1
296,simple,,מפיות ,1,0,visible,,"<div class=""short-description"">\n<div class=""std"">מזרן קקטוס מתנפח ענק, מושלם למסיבות בריכה, מסיבות קיץ, מסיבות רווקות ועוד. גודל המזרון: 145 * 180 ס""מ.</div>\n</div>\n<div class=""product-info"">\n<div></div>\n</div>",,,taxable,,1,,,0,0,,,,,1,,,13.9,ימי הולדת בנים,,,"https://celebrationbyorel.com/wp-content/uploads/2019/08/inflatable-cactus.jpg, https://celebrationbyorel.com/wp-content/uploads/2019/08/inflatable-cactus.jpg",,,,,,,,,0,"{""total"":27,""to_translate"":{""en"":27}}",1,1
296,simple,,כובעים ,1,0,visible,,"<div class=""short-description"">\n<div class=""std"">זוג מצופים בצורת פלמינגו. גודל המצופים: 23 ס""מ.</div>\n</div>\n<div class=""product-info"">\n<div></div>\n</div>",,,taxable,,1,,,0,0,,,,,1,,,10.9,ימי הולדת בנים,,,"https://celebrationbyorel.com/wp-content/uploads/2019/08/flamingo-arm-rings.jpg, https://celebrationbyorel.com/wp-content/uploads/2019/08/flamingo-arm-rings.jpg",,,,,,,,,0,"{""total"":15,""to_translate"":{""en"":15}}",1,1
296,simple,,כוסות פלסטיק,1,0,visible,,"<div class=""short-description"">\n<div class=""std"">מזרן מתנפח ענק בצורת קאפקייק מושלם למסיבות בריכה, מסיבות קיץ, מסיבות רווקות ועוד. גודל המזרן: 150 * 120 ס""מ.</div>\n</div>\n<div class=""product-info"">\n<div></div>\n</div>",,,taxable,,1,,,0,0,,,,,1,,,9.9,ימי הולדת בנים,,,"https://celebrationbyorel.com/wp-content/uploads/2019/08/cupcake-inflatabe.jpg, https://celebrationbyorel.com/wp-content/uploads/2019/08/cupcake-inflatabe.jpg",,,,,,,,,0,"{""total"":28,""to_translate"":{""en"":28}}",1,1
296,simple,,צלחת מרובעת ,1,0,visible,,"<div class=""short-description"">\n<div class=""std"">קולר מתנפח לשתייה, בצורת קקטוס. מושלם להגשת שתייה קרה במסיבות בריכה, מסיבות קיץ, מסיבות רווקות ועוד. גודל הקולר: 44 * 62 ס""מ.</div>\n</div>\n<div class=""product-info"">\n<div></div>\n</div>",,,taxable,,1,,,0,0,,,,,1,,,13.9,ימי הולדת בנים,,,"https://celebrationbyorel.com/wp-content/uploads/2019/08/bpi-cactus-drink-cooler_1_1.jpg, https://celebrationbyorel.com/wp-content/uploads/2019/08/bpi-cactus-drink-cooler_1_1-1.jpg",,,,,,,,,0,"{""total"":29,""to_translate"":{""en"":29}}",1,1
296,simple,,צלחת מרובעת ,1,0,visible,,"<div class=""short-description"">\n<div class=""std"">מזרן קקטוס מתנפח ענק, מושלם למסיבות בריכה, מסיבות קיץ, מסיבות רווקות ועוד. גודל המזרון: 145 * 180 ס""מ.</div>\n</div>\n<div class=""product-info"">\n<div></div>\n</div>",,,taxable,,1,,,0,0,,,,,1,,,17.9,ימי הולדת בנים,,,"https://celebrationbyorel.com/wp-content/uploads/2019/08/inflatable-cactus.jpg, https://celebrationbyorel.com/wp-content/uploads/2019/08/inflatable-cactus.jpg",,,,,,,,,0,"{""total"":27,""to_translate"":{""en"":27}}",1,1
296,simple,,כובעי מסיכה,1,0,visible,,"<div class=""short-description"">\n<div class=""std"">זוג מצופים בצורת פלמינגו. גודל המצופים: 23 ס""מ.</div>\n</div>\n<div class=""product-info"">\n<div></div>\n</div>",,,taxable,,1,,,0,0,,,,,1,,,10.9,ימי הולדת בנים,,,"https://celebrationbyorel.com/wp-content/uploads/2019/08/flamingo-arm-rings.jpg, https://celebrationbyorel.com/wp-content/uploads/2019/08/flamingo-arm-rings.jpg",,,,,,,,,0,"{""total"":15,""to_translate"":{""en"":15}}",1,1
296,simple,,סמי הכבאי:,1,0,visible,,"<div class=""short-description"">\n<div class=""std"">מזרן מתנפח ענק בצורת קאפקייק מושלם למסיבות בריכה, מסיבות קיץ, מסיבות רווקות ועוד. גודל המזרן: 150 * 120 ס""מ.</div>\n</div>\n<div class=""product-info"">\n<div></div>\n</div>",,,taxable,,1,,,0,0,,,,,1,,,,ימי הולדת בנים,,,"https://celebrationbyorel.com/wp-content/uploads/2019/08/cupcake-inflatabe.jpg, https://celebrationbyorel.com/wp-content/uploads/2019/08/cupcake-inflatabe.jpg",,,,,,,,,0,"{""total"":28,""to_translate"":{""en"":28}}",1,1
296,simple,,צלחות קרטון,1,0,visible,,"<div class=""short-description"">\n<div class=""std"">חד קרן מתנפח בצבע לבן בשילוב שקוף גליטר. מושלם למסיבות בריכה, מסיבות קיץ, מסיבות רווקות ועוד. גודל החד קרן: 90 ס""מ.</div>\n</div>\n<div class=""product-info"">\n<div></div>\n</div>",,,taxable,,1,,,0,0,,,,,1,,,9.9,ימי הולדת בנים,,,"https://celebrationbyorel.com/wp-content/uploads/2019/08/sparkle-unicorn-pool-float_1.jpg, https://celebrationbyorel.com/wp-content/uploads/2019/08/sparkle-unicorn-pool-float_1.jpg",,,,,,,,,0,"{""total"":36,""to_translate"":{""en"":36}}",1,1
296,simple,,מנשפים,1,0,visible,,"<div class=""short-description"">\n<div class=""std"">בריכה מתנפחת בצורת פלמינגו ורוד, שהילדים לא יצאו ממנה כך הקיץ! קוטר הבריכה: 150 ס""מ.</div>\n</div>\n<div class=""product-info"">\n<div></div>\n</div>",,,taxable,,1,,,0,0,,,,,1,,,10.9,ימי הולדת בנים,,,"https://celebrationbyorel.com/wp-content/uploads/2019/08/flamingo-shaped-swimming-pool-2.jpg, https://celebrationbyorel.com/wp-content/uploads/2019/08/flamingo-shaped-swimming-pool-2-1.jpg",,,,,,,,,0,"{""total"":24,""to_translate"":{""en"":24}}",1,1
296,simple,,מפרץ ההרפתקאות:,1,0,visible,,"<div class=""short-description"">\n<div class=""std"">כדור ים ענק מלא בנוצות ורודות, משחק מושלם במסיבות בריכה, בבילוי בים ועוד. קוטר הכדור: 90 ס""מ.</div>\n</div>\n<div class=""product-info"">\n<div></div>\n</div>",,,taxable,,1,,,0,0,,,,,1,,,,ימי הולדת בנים,,,"https://celebrationbyorel.com/wp-content/uploads/2019/08/bpi-pink-feathers-beach-ball-90-cm.jpg, https://celebrationbyorel.com/wp-content/uploads/2019/08/bpi-pink-feathers-beach-ball-90-cm.jpg",,,,,,,,,0,"{""total"":28,""to_translate"":{""en"":28}}",1,1
296,simple,,צלחות קרטון,1,0,visible,,"<div class=""short-description"">\n<div class=""std"">מזרן קקטוס מתנפח ענק, מושלם למסיבות בריכה, מסיבות קיץ, מסיבות רווקות ועוד. גודל המזרון: 145 * 180 ס""מ.</div>\n</div>\n<div class=""product-info"">\n<div></div>\n</div>",,,taxable,,1,,,0,0,,,,,1,,,13.9,ימי הולדת בנים,,,"https://celebrationbyorel.com/wp-content/uploads/2019/08/inflatable-cactus.jpg, https://celebrationbyorel.com/wp-content/uploads/2019/08/inflatable-cactus.jpg",,,,,,,,,0,"{""total"":27,""to_translate"":{""en"":27}}",1,1
296,simple,,צלחות קרטון,1,0,visible,,"<div class=""short-description"">\n<div class=""std"">זוג מצופים בצורת פלמינגו. גודל המצופים: 23 ס""מ.</div>\n</div>\n<div class=""product-info"">\n<div></div>\n</div>",,,taxable,,1,,,0,0,,,,,1,,,9.9,ימי הולדת בנים,,,"https://celebrationbyorel.com/wp-content/uploads/2019/08/flamingo-arm-rings.jpg, https://celebrationbyorel.com/wp-content/uploads/2019/08/flamingo-arm-rings.jpg",,,,,,,,,0,"{""total"":15,""to_translate"":{""en"":15}}",1,1
296,simple,,כוסות פלסטיק,1,0,visible,,"<div class=""short-description"">\n<div class=""std"">מזרן מתנפח ענק בצורת קאפקייק מושלם למסיבות בריכה, מסיבות קיץ, מסיבות רווקות ועוד. גודל המזרן: 150 * 120 ס""מ.</div>\n</div>\n<div class=""product-info"">\n<div></div>\n</div>",,,taxable,,1,,,0,0,,,,,1,,,9.9,ימי הולדת בנים,,,"https://celebrationbyorel.com/wp-content/uploads/2019/08/cupcake-inflatabe.jpg, https://celebrationbyorel.com/wp-content/uploads/2019/08/cupcake-inflatabe.jpg",,,,,,,,,0,"{""total"":28,""to_translate"":{""en"":28}}",1,1
296,simple,,מטוסי על:,1,0,visible,,"<div class=""short-description"">\n<div class=""std"">\n<div class=""short-description"">\n<div class=""std"">קולר מתנפח לשתייה, בצורת עץ דקל. מושלם להגשת שתייה קרה במסיבות בריכה, מסיבות קיץ, מסיבות רווקות ועוד. גודל הקולר: 44 * 62 ס""מ.</div>\n</div>\n<div class=""product-info"">\n<div></div>\n</div>\n</div>\n</div>",,,taxable,,1,,,0,0,,,,,1,,,,ימי הולדת בנים,,,"https://celebrationbyorel.com/wp-content/uploads/2019/08/bpi-palm-tree-drinks-cooler.jpg, https://celebrationbyorel.com/wp-content/uploads/2019/08/bpi-palm-tree-drinks-cooler.jpg",,,,,,,,,0,"{""total"":32,""to_translate"":{""en"":32}}",1,1
296,simple,,צלחות קרטון,1,0,visible,,"<div class=""short-description"">\n<div class=""std"">בריכה מתנפחת בצורת פלמינגו ורוד, שהילדים לא יצאו ממנה כך הקיץ! קוטר הבריכה: 150 ס""מ.</div>\n</div>\n<div class=""product-info"">\n<div></div>\n</div>",,,taxable,,1,,,0,0,,,,,1,,,13.9,ימי הולדת בנים,,,"https://celebrationbyorel.com/wp-content/uploads/2019/08/flamingo-shaped-swimming-pool-2.jpg, https://celebrationbyorel.com/wp-content/uploads/2019/08/flamingo-shaped-swimming-pool-2-1.jpg",,,,,,,,,0,"{""total"":24,""to_translate"":{""en"":24}}",1,1
296,simple,,צלחות קרטון,1,0,visible,,"<div class=""short-description"">\n<div class=""std"">כדור ים ענק מלא בנוצות ורודות, משחק מושלם במסיבות בריכה, בבילוי בים ועוד. קוטר הכדור: 90 ס""מ.</div>\n</div>\n<div class=""product-info"">\n<div></div>\n</div>",,,taxable,,1,,,0,0,,,,,1,,,9.9,ימי הולדת בנים,,,"https://celebrationbyorel.com/wp-content/uploads/2019/08/bpi-pink-feathers-beach-ball-90-cm.jpg, https://celebrationbyorel.com/wp-content/uploads/2019/08/bpi-pink-feathers-beach-ball-90-cm.jpg",,,,,,,,,0,"{""total"":28,""to_translate"":{""en"":28}}",1,1
296,simple,,מפיות,1,0,visible,,"<div class=""short-description"">\n<div class=""std"">קולר מתנפח לשתייה, בצורת קקטוס. מושלם להגשת שתייה קרה במסיבות בריכה, מסיבות קיץ, מסיבות רווקות ועוד. גודל הקולר: 44 * 62 ס""מ.</div>\n</div>\n<div class=""product-info"">\n<div></div>\n</div>",,,taxable,,1,,,0,0,,,,,1,,,13.9,ימי הולדת בנים,,,"https://celebrationbyorel.com/wp-content/uploads/2019/08/bpi-cactus-drink-cooler_1_1.jpg, https://celebrationbyorel.com/wp-content/uploads/2019/08/bpi-cactus-drink-cooler_1_1-1.jpg",,,,,,,,,0,"{""total"":29,""to_translate"":{""en"":29}}",1,1
296,simple,,מכוניות מירוץ:,1,0,visible,,"<div class=""short-description"">\n<div class=""std"">מזרן קקטוס מתנפח ענק, מושלם למסיבות בריכה, מסיבות קיץ, מסיבות רווקות ועוד. גודל המזרון: 145 * 180 ס""מ.</div>\n</div>\n<div class=""product-info"">\n<div></div>\n</div>",,,taxable,,1,,,0,0,,,,,1,,,,ימי הולדת בנים,,,"https://celebrationbyorel.com/wp-content/uploads/2019/08/inflatable-cactus.jpg, https://celebrationbyorel.com/wp-content/uploads/2019/08/inflatable-cactus.jpg",,,,,,,,,0,"{""total"":27,""to_translate"":{""en"":27}}",1,1
296,simple,,צלחות קרטון,1,0,visible,,"<div class=""short-description"">\n<div class=""std"">מזרן מתנפח ענק בצורת קאפקייק מושלם למסיבות בריכה, מסיבות קיץ, מסיבות רווקות ועוד. גודל המזרן: 150 * 120 ס""מ.</div>\n</div>\n<div class=""product-info"">\n<div></div>\n</div>",,,taxable,,1,,,0,0,,,,,1,,,9.9,ימי הולדת בנים,,,"https://celebrationbyorel.com/wp-content/uploads/2019/08/cupcake-inflatabe.jpg, https://celebrationbyorel.com/wp-content/uploads/2019/08/cupcake-inflatabe.jpg",,,,,,,,,0,"{""total"":28,""to_translate"":{""en"":28}}",1,1
296,simple,,מפיות,1,0,visible,,"<div class=""short-description"">\n<div class=""std"">\n<div class=""short-description"">\n<div class=""std"">קולר מתנפח לשתייה, בצורת עץ דקל. מושלם להגשת שתייה קרה במסיבות בריכה, מסיבות קיץ, מסיבות רווקות ועוד. גודל הקולר: 44 * 62 ס""מ.</div>\n</div>\n<div class=""product-info"">\n<div></div>\n</div>\n</div>\n</div>",,,taxable,,1,,,0,0,,,,,1,,,13.9,ימי הולדת בנים,,,"https://celebrationbyorel.com/wp-content/uploads/2019/08/bpi-palm-tree-drinks-cooler.jpg, https://celebrationbyorel.com/wp-content/uploads/2019/08/bpi-palm-tree-drinks-cooler.jpg",,,,,,,,,0,"{""total"":32,""to_translate"":{""en"":32}}",1,1
296,simple,,ספיידרמן:,1,0,visible,,"<div class=""short-description"">\n<div class=""std"">חד קרן מתנפח בצבע לבן בשילוב שקוף גליטר. מושלם למסיבות בריכה, מסיבות קיץ, מסיבות רווקות ועוד. גודל החד קרן: 90 ס""מ.</div>\n</div>\n<div class=""product-info"">\n<div></div>\n</div>",,,taxable,,1,,,0,0,,,,,1,,,,ימי הולדת בנים,,,"https://celebrationbyorel.com/wp-content/uploads/2019/08/sparkle-unicorn-pool-float_1.jpg, https://celebrationbyorel.com/wp-content/uploads/2019/08/sparkle-unicorn-pool-float_1.jpg",,,,,,,,,0,"{""total"":36,""to_translate"":{""en"":36}}",1,1
296,simple,,צלחות ספיידרמן מרובע,1,0,visible,,"<div class=""short-description"">\n<div class=""std"">כדור ים ענק מלא בנוצות ורודות, משחק מושלם במסיבות בריכה, בבילוי בים ועוד. קוטר הכדור: 90 ס""מ.</div>\n</div>\n<div class=""product-info"">\n<div></div>\n</div>",,,taxable,,1,,,0,0,,,,,1,,,13.9,ימי הולדת בנים,,,"https://celebrationbyorel.com/wp-content/uploads/2019/08/bpi-pink-feathers-beach-ball-90-cm.jpg, https://celebrationbyorel.com/wp-content/uploads/2019/08/bpi-pink-feathers-beach-ball-90-cm.jpg",,,,,,,,,0,"{""total"":28,""to_translate"":{""en"":28}}",1,1
296,simple,,צלחות ספיידרמן מרובע,1,0,visible,,"<div class=""short-description"">\n<div class=""std"">קולר מתנפח לשתייה, בצורת קקטוס. מושלם להגשת שתייה קרה במסיבות בריכה, מסיבות קיץ, מסיבות רווקות ועוד. גודל הקולר: 44 * 62 ס""מ.</div>\n</div>\n<div class=""product-info"">\n<div></div>\n</div>",,,taxable,,1,,,0,0,,,,,1,,,17.9,ימי הולדת בנים,,,"https://celebrationbyorel.com/wp-content/uploads/2019/08/bpi-cactus-drink-cooler_1_1.jpg, https://celebrationbyorel.com/wp-content/uploads/2019/08/bpi-cactus-drink-cooler_1_1-1.jpg",,,,,,,,,0,"{""total"":29,""to_translate"":{""en"":29}}",1,1
296,simple,,צלחות עגולות,1,0,visible,,"<div class=""short-description"">\n<div class=""std"">מזרן קקטוס מתנפח ענק, מושלם למסיבות בריכה, מסיבות קיץ, מסיבות רווקות ועוד. גודל המזרון: 145 * 180 ס""מ.</div>\n</div>\n<div class=""product-info"">\n<div></div>\n</div>",,,taxable,,1,,,0,0,,,,,1,,,13.9,ימי הולדת בנים,,,"https://celebrationbyorel.com/wp-content/uploads/2019/08/inflatable-cactus.jpg, https://celebrationbyorel.com/wp-content/uploads/2019/08/inflatable-cactus.jpg",,,,,,,,,0,"{""total"":27,""to_translate"":{""en"":27}}",1,1
296,simple,,מפיות ספיידרמן כחול,1,0,visible,,"<div class=""short-description"">\n<div class=""std"">זוג מצופים בצורת פלמינגו. גודל המצופים: 23 ס""מ.</div>\n</div>\n<div class=""product-info"">\n<div></div>\n</div>",,,taxable,,1,,,0,0,,,,,1,,,14.9,ימי הולדת בנים,,,"https://celebrationbyorel.com/wp-content/uploads/2019/08/flamingo-arm-rings.jpg, https://celebrationbyorel.com/wp-content/uploads/2019/08/flamingo-arm-rings.jpg",,,,,,,,,0,"{""total"":15,""to_translate"":{""en"":15}}",1,1
296,simple,,מפיות ספיידרמן ירוק,1,0,visible,,"<div class=""short-description"">\n<div class=""std"">מזרן מתנפח ענק בצורת קאפקייק מושלם למסיבות בריכה, מסיבות קיץ, מסיבות רווקות ועוד. גודל המזרן: 150 * 120 ס""מ.</div>\n</div>\n<div class=""product-info"">\n<div></div>\n</div>",,,taxable,,1,,,0,0,,,,,1,,,13.9,ימי הולדת בנים,,,"https://celebrationbyorel.com/wp-content/uploads/2019/08/cupcake-inflatabe.jpg, https://celebrationbyorel.com/wp-content/uploads/2019/08/cupcake-inflatabe.jpg",,,,,,,,,0,"{""total"":28,""to_translate"":{""en"":28}}",1,1
296,simple,,כוסות ספיידרמן,1,0,visible,,"<div class=""short-description"">\n<div class=""std"">\n<div class=""short-description"">\n<div class=""std"">קולר מתנפח לשתייה, בצורת עץ דקל. מושלם להגשת שתייה קרה במסיבות בריכה, מסיבות קיץ, מסיבות רווקות ועוד. גודל הקולר: 44 * 62 ס""מ.</div>\n</div>\n<div class=""product-info"">\n<div></div>\n</div>\n</div>\n</div>",,,taxable,,1,,,0,0,,,,,1,,,9.9,ימי הולדת בנים,,,"https://celebrationbyorel.com/wp-content/uploads/2019/08/bpi-palm-tree-drinks-cooler.jpg, https://celebrationbyorel.com/wp-content/uploads/2019/08/bpi-palm-tree-drinks-cooler.jpg",,,,,,,,,0,"{""total"":32,""to_translate"":{""en"":32}}",1,1
296,simple,,מנשפים ספיידרמן,1,0,visible,,"<div class=""short-description"">\n<div class=""std"">חד קרן מתנפח בצבע לבן בשילוב שקוף גליטר. מושלם למסיבות בריכה, מסיבות קיץ, מסיבות רווקות ועוד. גודל החד קרן: 90 ס""מ.</div>\n</div>\n<div class=""product-info"">\n<div></div>\n</div>",,,taxable,,1,,,0,0,,,,,1,,,10.9,ימי הולדת בנים,,,"https://celebrationbyorel.com/wp-content/uploads/2019/08/sparkle-unicorn-pool-float_1.jpg, https://celebrationbyorel.com/wp-content/uploads/2019/08/sparkle-unicorn-pool-float_1.jpg",,,,,,,,,0,"{""total"":36,""to_translate"":{""en"":36}}",1,1
296,simple,,דלי פופקורן בינוני ,1,0,visible,,"<div class=""short-description"">\n<div class=""std"">בריכה מתנפחת בצורת פלמינגו ורוד, שהילדים לא יצאו ממנה כך הקיץ! קוטר הבריכה: 150 ס""מ.</div>\n</div>\n<div class=""product-info"">\n<div></div>\n</div>",,,taxable,,1,,,0,0,,,,,1,,,12,ימי הולדת בנים,,,"https://celebrationbyorel.com/wp-content/uploads/2019/08/flamingo-shaped-swimming-pool-2.jpg, https://celebrationbyorel.com/wp-content/uploads/2019/08/flamingo-shaped-swimming-pool-2-1.jpg",,,,,,,,,0,"{""total"":24,""to_translate"":{""en"":24}}",1,1
296,simple,,דלי פופקורן גדול ,1,0,visible,,"<div class=""short-description"">\n<div class=""std"">כדור ים ענק מלא בנוצות ורודות, משחק מושלם במסיבות בריכה, בבילוי בים ועוד. קוטר הכדור: 90 ס""מ.</div>\n</div>\n<div class=""product-info"">\n<div></div>\n</div>",,,taxable,,1,,,0,0,,,,,1,,,15,ימי הולדת בנים,,,"https://celebrationbyorel.com/wp-content/uploads/2019/08/bpi-pink-feathers-beach-ball-90-cm.jpg, https://celebrationbyorel.com/wp-content/uploads/2019/08/bpi-pink-feathers-beach-ball-90-cm.jpg",,,,,,,,,0,"{""total"":28,""to_translate"":{""en"":28}}",1,1
296,simple,,צלחות מרובעות באטמן,1,0,visible,,"<div class=""short-description"">\n<div class=""std"">זוג מצופים בצורת פלמינגו. גודל המצופים: 23 ס""מ.</div>\n</div>\n<div class=""product-info"">\n<div></div>\n</div>",,,taxable,,1,,,0,0,,,,,1,,,17.9,ימי הולדת בנים,,,"https://celebrationbyorel.com/wp-content/uploads/2019/08/flamingo-arm-rings.jpg, https://celebrationbyorel.com/wp-content/uploads/2019/08/flamingo-arm-rings.jpg",,,,,,,,,0,"{""total"":15,""to_translate"":{""en"":15}}",1,1
296,simple,,כוח פיג'י:,1,0,visible,,"<div class=""short-description"">\n<div class=""std"">מזרן מתנפח ענק בצורת קאפקייק מושלם למסיבות בריכה, מסיבות קיץ, מסיבות רווקות ועוד. גודל המזרן: 150 * 120 ס""מ.</div>\n</div>\n<div class=""product-info"">\n<div></div>\n</div>",,,taxable,,1,,,0,0,,,,,1,,,,ימי הולדת בנים,,,"https://celebrationbyorel.com/wp-content/uploads/2019/08/cupcake-inflatabe.jpg, https://celebrationbyorel.com/wp-content/uploads/2019/08/cupcake-inflatabe.jpg",,,,,,,,,0,"{""total"":28,""to_translate"":{""en"":28}}",1,1
296,simple,,צלחות קרטון ,1,0,visible,,"<div class=""short-description"">\n<div class=""std"">חד קרן מתנפח בצבע לבן בשילוב שקוף גליטר. מושלם למסיבות בריכה, מסיבות קיץ, מסיבות רווקות ועוד. גודל החד קרן: 90 ס""מ.</div>\n</div>\n<div class=""product-info"">\n<div></div>\n</div>",,,taxable,,1,,,0,0,,,,,1,,,13.9,ימי הולדת בנים,,,"https://celebrationbyorel.com/wp-content/uploads/2019/08/sparkle-unicorn-pool-float_1.jpg, https://celebrationbyorel.com/wp-content/uploads/2019/08/sparkle-unicorn-pool-float_1.jpg",,,,,,,,,0,"{""total"":36,""to_translate"":{""en"":36}}",1,1
296,simple,,מפיות ,1,0,visible,,"<div class=""short-description"">\n<div class=""std"">בריכה מתנפחת בצורת פלמינגו ורוד, שהילדים לא יצאו ממנה כך הקיץ! קוטר הבריכה: 150 ס""מ.</div>\n</div>\n<div class=""product-info"">\n<div></div>\n</div>",,,taxable,,1,,,0,0,,,,,1,,,13.9,ימי הולדת בנים,,,"https://celebrationbyorel.com/wp-content/uploads/2019/08/flamingo-shaped-swimming-pool-2.jpg, https://celebrationbyorel.com/wp-content/uploads/2019/08/flamingo-shaped-swimming-pool-2-1.jpg",,,,,,,,,0,"{""total"":24,""to_translate"":{""en"":24}}",1,1
296,simple,,כוסות ,1,0,visible,,"<div class=""short-description"">\n<div class=""std"">כדור ים ענק מלא בנוצות ורודות, משחק מושלם במסיבות בריכה, בבילוי בים ועוד. קוטר הכדור: 90 ס""מ.</div>\n</div>\n<div class=""product-info"">\n<div></div>\n</div>",,,taxable,,1,,,0,0,,,,,1,,,9.9,ימי הולדת בנים,,,"https://celebrationbyorel.com/wp-content/uploads/2019/08/bpi-pink-feathers-beach-ball-90-cm.jpg, https://celebrationbyorel.com/wp-content/uploads/2019/08/bpi-pink-feathers-beach-ball-90-cm.jpg",,,,,,,,,0,"{""total"":28,""to_translate"":{""en"":28}}",1,1
296,simple,,מנשפים ספיידרמן,1,0,visible,,"<div class=""short-description"">\n<div class=""std"">קולר מתנפח לשתייה, בצורת קקטוס. מושלם להגשת שתייה קרה במסיבות בריכה, מסיבות קיץ, מסיבות רווקות ועוד. גודל הקולר: 44 * 62 ס""מ.</div>\n</div>\n<div class=""product-info"">\n<div></div>\n</div>",,,taxable,,1,,,0,0,,,,,1,,,10.9,ימי הולדת בנים,,,"https://celebrationbyorel.com/wp-content/uploads/2019/08/bpi-cactus-drink-cooler_1_1.jpg, https://celebrationbyorel.com/wp-content/uploads/2019/08/bpi-cactus-drink-cooler_1_1-1.jpg",,,,,,,,,0,"{""total"":29,""to_translate"":{""en"":29}}",1,1
296,simple,,צלחות קרטון פסטל,1,0,visible,,"<div class=""short-description"">\n<div class=""std"">מזרן מתנפח ענק בצורת קאפקייק מושלם למסיבות בריכה, מסיבות קיץ, מסיבות רווקות ועוד. גודל המזרן: 150 * 120 ס""מ.</div>\n</div>\n<div class=""product-info"">\n<div></div>\n</div>",,,taxable,,1,,,0,0,,,,,1,,,9.9,ימי הולדת בנים,,,"https://celebrationbyorel.com/wp-content/uploads/2019/08/cupcake-inflatabe.jpg, https://celebrationbyorel.com/wp-content/uploads/2019/08/cupcake-inflatabe.jpg",,,,,,,,,0,"{""total"":28,""to_translate"":{""en"":28}}",1,1
296,simple,,צלחות קרטון פסטל,1,0,visible,,"<div class=""short-description"">\n<div class=""std"">\n<div class=""short-description"">\n<div class=""std"">קולר מתנפח לשתייה, בצורת עץ דקל. מושלם להגשת שתייה קרה במסיבות בריכה, מסיבות קיץ, מסיבות רווקות ועוד. גודל הקולר: 44 * 62 ס""מ.</div>\n</div>\n<div class=""product-info"">\n<div></div>\n</div>\n</div>\n</div>",,,taxable,,1,,,0,0,,,,,1,,,13.9,ימי הולדת בנים,,,"https://celebrationbyorel.com/wp-content/uploads/2019/08/bpi-palm-tree-drinks-cooler.jpg, https://celebrationbyorel.com/wp-content/uploads/2019/08/bpi-palm-tree-drinks-cooler.jpg",,,,,,,,,0,"{""total"":32,""to_translate"":{""en"":32}}",1,1
296,simple,,מפיות פסטל,1,0,visible,,"<div class=""short-description"">\n<div class=""std"">חד קרן מתנפח בצבע לבן בשילוב שקוף גליטר. מושלם למסיבות בריכה, מסיבות קיץ, מסיבות רווקות ועוד. גודל החד קרן: 90 ס""מ.</div>\n</div>\n<div class=""product-info"">\n<div></div>\n</div>",,,taxable,,1,,,0,0,,,,,1,,,13.9,ימי הולדת בנים,,,"https://celebrationbyorel.com/wp-content/uploads/2019/08/sparkle-unicorn-pool-float_1.jpg, https://celebrationbyorel.com/wp-content/uploads/2019/08/sparkle-unicorn-pool-float_1.jpg",,,,,,,,,0,"{""total"":36,""to_translate"":{""en"":36}}",1,1
296,simple,,כוסות פלסטיק תותים,1,0,visible,,"<div class=""short-description"">\n<div class=""std"">בריכה מתנפחת בצורת פלמינגו ורוד, שהילדים לא יצאו ממנה כך הקיץ! קוטר הבריכה: 150 ס""מ.</div>\n</div>\n<div class=""product-info"">\n<div></div>\n</div>",,,taxable,,1,,,0,0,,,,,1,,,9.9,ימי הולדת בנים,,,"https://celebrationbyorel.com/wp-content/uploads/2019/08/flamingo-shaped-swimming-pool-2.jpg, https://celebrationbyorel.com/wp-content/uploads/2019/08/flamingo-shaped-swimming-pool-2-1.jpg",,,,,,,,,0,"{""total"":24,""to_translate"":{""en"":24}}",1,1
296,simple,,צלחות קרטון תותים,1,0,visible,,"<div class=""short-description"">\n<div class=""std"">כדור ים ענק מלא בנוצות ורודות, משחק מושלם במסיבות בריכה, בבילוי בים ועוד. קוטר הכדור: 90 ס""מ.</div>\n</div>\n<div class=""product-info"">\n<div></div>\n</div>",,,taxable,,1,,,0,0,,,,,1,,,13.9,ימי הולדת בנים,,,"https://celebrationbyorel.com/wp-content/uploads/2019/08/bpi-pink-feathers-beach-ball-90-cm.jpg, https://celebrationbyorel.com/wp-content/uploads/2019/08/bpi-pink-feathers-beach-ball-90-cm.jpg",,,,,,,,,0,"{""total"":28,""to_translate"":{""en"":28}}",1,1
296,simple,,כוסות תותים מינימאוס,1,0,visible,,"<div class=""short-description"">\n<div class=""std"">קולר מתנפח לשתייה, בצורת קקטוס. מושלם להגשת שתייה קרה במסיבות בריכה, מסיבות קיץ, מסיבות רווקות ועוד. גודל הקולר: 44 * 62 ס""מ.</div>\n</div>\n<div class=""product-info"">\n<div></div>\n</div>",,,taxable,,1,,,0,0,,,,,1,,,9.9,ימי הולדת בנים,,,"https://celebrationbyorel.com/wp-content/uploads/2019/08/bpi-cactus-drink-cooler_1_1.jpg, https://celebrationbyorel.com/wp-content/uploads/2019/08/bpi-cactus-drink-cooler_1_1-1.jpg",,,,,,,,,0,"{""total"":29,""to_translate"":{""en"":29}}",1,1
296,simple,,צלחות קרטון מימאוס קאפקייקס,1,0,visible,,"<div class=""short-description"">\n<div class=""std"">מזרן קקטוס מתנפח ענק, מושלם למסיבות בריכה, מסיבות קיץ, מסיבות רווקות ועוד. גודל המזרון: 145 * 180 ס""מ.</div>\n</div>\n<div class=""product-info"">\n<div></div>\n</div>",,,taxable,,1,,,0,0,,,,,1,,,13.9,ימי הולדת בנים,,,"https://celebrationbyorel.com/wp-content/uploads/2019/08/inflatable-cactus.jpg, https://celebrationbyorel.com/wp-content/uploads/2019/08/inflatable-cactus.jpg",,,,,,,,,0,"{""total"":27,""to_translate"":{""en"":27}}",1,1
296,simple,,כוסות פלסטיק מימאוס קאפקייקס,1,0,visible,,"<div class=""short-description"">\n<div class=""std"">זוג מצופים בצורת פלמינגו. גודל המצופים: 23 ס""מ.</div>\n</div>\n<div class=""product-info"">\n<div></div>\n</div>",,,taxable,,1,,,0,0,,,,,1,,,9.9,ימי הולדת בנים,,,"https://celebrationbyorel.com/wp-content/uploads/2019/08/flamingo-arm-rings.jpg, https://celebrationbyorel.com/wp-content/uploads/2019/08/flamingo-arm-rings.jpg",,,,,,,,,0,"{""total"":15,""to_translate"":{""en"":15}}",1,1
296,simple,,כוס תלת מימדית קשיחה ,1,0,visible,,"<div class=""short-description"">\n<div class=""std"">מזרן מתנפח ענק בצורת קאפקייק מושלם למסיבות בריכה, מסיבות קיץ, מסיבות רווקות ועוד. גודל המזרן: 150 * 120 ס""מ.</div>\n</div>\n<div class=""product-info"">\n<div></div>\n</div>",,,taxable,,1,,,0,0,,,,,1,,,7.9,ימי הולדת בנים,,,"https://celebrationbyorel.com/wp-content/uploads/2019/08/cupcake-inflatabe.jpg, https://celebrationbyorel.com/wp-content/uploads/2019/08/cupcake-inflatabe.jpg",,,,,,,,,0,"{""total"":28,""to_translate"":{""en"":28}}",1,1
296,simple,,מפיות מימאוס פוקסיה,1,0,visible,,"<div class=""short-description"">\n<div class=""std"">\n<div class=""short-description"">\n<div class=""std"">קולר מתנפח לשתייה, בצורת עץ דקל. מושלם להגשת שתייה קרה במסיבות בריכה, מסיבות קיץ, מסיבות רווקות ועוד. גודל הקולר: 44 * 62 ס""מ.</div>\n</div>\n<div class=""product-info"">\n<div></div>\n</div>\n</div>\n</div>",,,taxable,,1,,,0,0,,,,,1,,,13.9,ימי הולדת בנים,,,"https://celebrationbyorel.com/wp-content/uploads/2019/08/bpi-palm-tree-drinks-cooler.jpg, https://celebrationbyorel.com/wp-content/uploads/2019/08/bpi-palm-tree-drinks-cooler.jpg",,,,,,,,,0,"{""total"":32,""to_translate"":{""en"":32}}",1,1
296,simple,,כובעים מימאוס פוקסיה,1,0,visible,,"<div class=""short-description"">\n<div class=""std"">חד קרן מתנפח בצבע לבן בשילוב שקוף גליטר. מושלם למסיבות בריכה, מסיבות קיץ, מסיבות רווקות ועוד. גודל החד קרן: 90 ס""מ.</div>\n</div>\n<div class=""product-info"">\n<div></div>\n</div>",,,taxable,,1,,,0,0,,,,,1,,,10.9,ימי הולדת בנים,,,"https://celebrationbyorel.com/wp-content/uploads/2019/08/sparkle-unicorn-pool-float_1.jpg, https://celebrationbyorel.com/wp-content/uploads/2019/08/sparkle-unicorn-pool-float_1.jpg",,,,,,,,,0,"{""total"":36,""to_translate"":{""en"":36}}",1,1
296,simple,,צלחת קרטון ,1,0,visible,,"<div class=""short-description"">\n<div class=""std"">קולר מתנפח לשתייה, בצורת קקטוס. מושלם להגשת שתייה קרה במסיבות בריכה, מסיבות קיץ, מסיבות רווקות ועוד. גודל הקולר: 44 * 62 ס""מ.</div>\n</div>\n<div class=""product-info"">\n<div></div>\n</div>",,,taxable,,1,,,0,0,,,,,1,,,13.9,ימי הולדת בנים,,,"https://celebrationbyorel.com/wp-content/uploads/2019/08/bpi-cactus-drink-cooler_1_1.jpg, https://celebrationbyorel.com/wp-content/uploads/2019/08/bpi-cactus-drink-cooler_1_1-1.jpg",,,,,,,,,0,"{""total"":29,""to_translate"":{""en"":29}}",1,1
296,simple,,צלחת קרטון מיקי צהוב,1,0,visible,,"<div class=""short-description"">\n<div class=""std"">מזרן מתנפח ענק בצורת קאפקייק מושלם למסיבות בריכה, מסיבות קיץ, מסיבות רווקות ועוד. גודל המזרן: 150 * 120 ס""מ.</div>\n</div>\n<div class=""product-info"">\n<div></div>\n</div>",,,taxable,,1,,,0,0,,,,,1,,,10.9,ימי הולדת בנים,,,"https://celebrationbyorel.com/wp-content/uploads/2019/08/cupcake-inflatabe.jpg, https://celebrationbyorel.com/wp-content/uploads/2019/08/cupcake-inflatabe.jpg",,,,,,,,,0,"{""total"":28,""to_translate"":{""en"":28}}",1,1
296,simple,,מפיות מיקי,1,0,visible,,"<div class=""short-description"">\n<div class=""std"">\n<div class=""short-description"">\n<div class=""std"">קולר מתנפח לשתייה, בצורת עץ דקל. מושלם להגשת שתייה קרה במסיבות בריכה, מסיבות קיץ, מסיבות רווקות ועוד. גודל הקולר: 44 * 62 ס""מ.</div>\n</div>\n<div class=""product-info"">\n<div></div>\n</div>\n</div>\n</div>",,,taxable,,1,,,0,0,,,,,1,,,13.9,ימי הולדת בנים,,,"https://celebrationbyorel.com/wp-content/uploads/2019/08/bpi-palm-tree-drinks-cooler.jpg, https://celebrationbyorel.com/wp-content/uploads/2019/08/bpi-palm-tree-drinks-cooler.jpg",,,,,,,,,0,"{""total"":32,""to_translate"":{""en"":32}}",1,1
296,simple,,דלי פופקורן גדול,1,0,visible,,"<div class=""short-description"">\n<div class=""std"">חד קרן מתנפח בצבע לבן בשילוב שקוף גליטר. מושלם למסיבות בריכה, מסיבות קיץ, מסיבות רווקות ועוד. גודל החד קרן: 90 ס""מ.</div>\n</div>\n<div class=""product-info"">\n<div></div>\n</div>",,,taxable,,1,,,0,0,,,,,1,,,15.9,ימי הולדת בנים,,,"https://celebrationbyorel.com/wp-content/uploads/2019/08/sparkle-unicorn-pool-float_1.jpg, https://celebrationbyorel.com/wp-content/uploads/2019/08/sparkle-unicorn-pool-float_1.jpg",,,,,,,,,0,"{""total"":36,""to_translate"":{""en"":36}}",1,1
296,simple,,דלי פופקורן תלת מימד,1,0,visible,,"<div class=""short-description"">\n<div class=""std"">בריכה מתנפחת בצורת פלמינגו ורוד, שהילדים לא יצאו ממנה כך הקיץ! קוטר הבריכה: 150 ס""מ.</div>\n</div>\n<div class=""product-info"">\n<div></div>\n</div>",,,taxable,,1,,,0,0,,,,,1,,,6,ימי הולדת בנים,,,"https://celebrationbyorel.com/wp-content/uploads/2019/08/flamingo-shaped-swimming-pool-2.jpg, https://celebrationbyorel.com/wp-content/uploads/2019/08/flamingo-shaped-swimming-pool-2-1.jpg",,,,,,,,,0,"{""total"":24,""to_translate"":{""en"":24}}",1,1
296,simple,,צלחת קרטון פסטל,1,0,visible,,"<div class=""short-description"">\n<div class=""std"">מזרן מתנפח ענק בצורת קאפקייק מושלם למסיבות בריכה, מסיבות קיץ, מסיבות רווקות ועוד. גודל המזרן: 150 * 120 ס""מ.</div>\n</div>\n<div class=""product-info"">\n<div></div>\n</div>",,,taxable,,1,,,0,0,,,,,1,,,13.9,ימי הולדת בנים,,,"https://celebrationbyorel.com/wp-content/uploads/2019/08/cupcake-inflatabe.jpg, https://celebrationbyorel.com/wp-content/uploads/2019/08/cupcake-inflatabe.jpg",,,,,,,,,0,"{""total"":28,""to_translate"":{""en"":28}}",1,1
296,simple,,מפיות ים ,1,0,visible,,"<div class=""short-description"">\n<div class=""std"">\n<div class=""short-description"">\n<div class=""std"">קולר מתנפח לשתייה, בצורת עץ דקל. מושלם להגשת שתייה קרה במסיבות בריכה, מסיבות קיץ, מסיבות רווקות ועוד. גודל הקולר: 44 * 62 ס""מ.</div>\n</div>\n<div class=""product-info"">\n<div></div>\n</div>\n</div>\n</div>",,,taxable,,1,,,0,0,,,,,1,,,13.9,ימי הולדת בנים,,,"https://celebrationbyorel.com/wp-content/uploads/2019/08/bpi-palm-tree-drinks-cooler.jpg, https://celebrationbyorel.com/wp-content/uploads/2019/08/bpi-palm-tree-drinks-cooler.jpg",,,,,,,,,0,"{""total"":32,""to_translate"":{""en"":32}}",1,1
296,simple,,כוסות פלסטיק ורוד בייבי ים,1,0,visible,,"<div class=""short-description"">\n<div class=""std"">חד קרן מתנפח בצבע לבן בשילוב שקוף גליטר. מושלם למסיבות בריכה, מסיבות קיץ, מסיבות רווקות ועוד. גודל החד קרן: 90 ס""מ.</div>\n</div>\n<div class=""product-info"">\n<div></div>\n</div>",,,taxable,,1,,,0,0,,,,,1,,,9.9,ימי הולדת בנים,,,"https://celebrationbyorel.com/wp-content/uploads/2019/08/sparkle-unicorn-pool-float_1.jpg, https://celebrationbyorel.com/wp-content/uploads/2019/08/sparkle-unicorn-pool-float_1.jpg",,,,,,,,,0,"{""total"":36,""to_translate"":{""en"":36}}",1,1
296,simple,,צלחות קרטון בת הים מרובע זהב,1,0,visible,,"<div class=""short-description"">\n<div class=""std"">בריכה מתנפחת בצורת פלמינגו ורוד, שהילדים לא יצאו ממנה כך הקיץ! קוטר הבריכה: 150 ס""מ.</div>\n</div>\n<div class=""product-info"">\n<div></div>\n</div>",,,taxable,,1,,,0,0,,,,,1,,,18.9,ימי הולדת בנים,,,"https://celebrationbyorel.com/wp-content/uploads/2019/08/flamingo-shaped-swimming-pool-2.jpg, https://celebrationbyorel.com/wp-content/uploads/2019/08/flamingo-shaped-swimming-pool-2-1.jpg",,,,,,,,,0,"{""total"":24,""to_translate"":{""en"":24}}",1,1
296,,,צלחות תכלת ,1,0,visible,,"<div class=""short-description"">\n<div class=""std"">חד קרן מתנפח בצבע לבן בשילוב שקוף גליטר. מושלם למסיבות בריכה, מסיבות קיץ, מסיבות רווקות ועוד. גודל החד קרן: 90 ס""מ.</div>\n</div>\n<div class=""product-info"">\n<div></div>\n</div>",,,taxable,,1,,,0,0,,,,,1,,,9.9,ימי הולדת בנים,,,"https://celebrationbyorel.com/wp-content/uploads/2019/08/flamingo-shaped-swimming-pool-2.jpg, https://celebrationbyorel.com/wp-content/uploads/2019/08/flamingo-shaped-swimming-pool-2-1.jpg",,,,,,,,,1,"{""total"":24,""to_translate"":{""en"":24}}",1,1
296,,,צלחות מניונים צהוב,1,0,visible,,"<div class=""short-description"">\n<div class=""std"">בריכה מתנפחת בצורת פלמינגו ורוד, שהילדים לא יצאו ממנה כך הקיץ! קוטר הבריכה: 150 ס""מ.</div>\n</div>\n<div class=""product-info"">\n<div></div>\n</div>",,,taxable,,1,,,0,0,,,,,1,,,13.9,ימי הולדת בנים,,,"https://celebrationbyorel.com/wp-content/uploads/2019/08/flamingo-shaped-swimming-pool-2.jpg, https://celebrationbyorel.com/wp-content/uploads/2019/08/flamingo-shaped-swimming-pool-2-1.jpg",,,,,,,,,2,"{""total"":24,""to_translate"":{""en"":24}}",1,1
296,,,צלחת מיניון מרובעת,1,0,visible,,"<div class=""short-description"">\n<div class=""std"">חד קרן מתנפח בצבע לבן בשילוב שקוף גליטר. מושלם למסיבות בריכה, מסיבות קיץ, מסיבות רווקות ועוד. גודל החד קרן: 90 ס""מ.</div>\n</div>\n<div class=""product-info"">\n<div></div>\n</div>",,,taxable,,1,,,0,0,,,,,1,,,13.9,ימי הולדת בנים,,,"https://celebrationbyorel.com/wp-content/uploads/2019/08/flamingo-shaped-swimming-pool-2.jpg, https://celebrationbyorel.com/wp-content/uploads/2019/08/flamingo-shaped-swimming-pool-2-1.jpg",,,,,,,,,3,"{""total"":24,""to_translate"":{""en"":24}}",1,1
296,,,צלחת מיניון מרובעת מסיבה,1,0,visible,,"<div class=""short-description"">\n<div class=""std"">בריכה מתנפחת בצורת פלמינגו ורוד, שהילדים לא יצאו ממנה כך הקיץ! קוטר הבריכה: 150 ס""מ.</div>\n</div>\n<div class=""product-info"">\n<div></div>\n</div>",,,taxable,,1,,,0,0,,,,,1,,,17.9,ימי הולדת בנים,,,"https://celebrationbyorel.com/wp-content/uploads/2019/08/flamingo-shaped-swimming-pool-2.jpg, https://celebrationbyorel.com/wp-content/uploads/2019/08/flamingo-shaped-swimming-pool-2-1.jpg",,,,,,,,,4,"{""total"":24,""to_translate"":{""en"":24}}",1,1
296,,,מפיות מיניון צהוב,1,0,visible,,"<div class=""short-description"">\n<div class=""std"">חד קרן מתנפח בצבע לבן בשילוב שקוף גליטר. מושלם למסיבות בריכה, מסיבות קיץ, מסיבות רווקות ועוד. גודל החד קרן: 90 ס""מ.</div>\n</div>\n<div class=""product-info"">\n<div></div>\n</div>",,,taxable,,1,,,0,0,,,,,1,,,13.9,ימי הולדת בנים,,,"https://celebrationbyorel.com/wp-content/uploads/2019/08/flamingo-shaped-swimming-pool-2.jpg, https://celebrationbyorel.com/wp-content/uploads/2019/08/flamingo-shaped-swimming-pool-2-1.jpg",,,,,,,,,5,"{""total"":24,""to_translate"":{""en"":24}}",1,1
296,,,מנשפים,1,0,visible,,"<div class=""short-description"">\n<div class=""std"">בריכה מתנפחת בצורת פלמינגו ורוד, שהילדים לא יצאו ממנה כך הקיץ! קוטר הבריכה: 150 ס""מ.</div>\n</div>\n<div class=""product-info"">\n<div></div>\n</div>",,,taxable,,1,,,0,0,,,,,1,,,10.9,ימי הולדת בנים,,,"https://celebrationbyorel.com/wp-content/uploads/2019/08/flamingo-shaped-swimming-pool-2.jpg, https://celebrationbyorel.com/wp-content/uploads/2019/08/flamingo-shaped-swimming-pool-2-1.jpg",,,,,,,,,6,"{""total"":24,""to_translate"":{""en"":24}}",1,1
296,,,כוסות קרטון מיניון מסיבה,1,0,visible,,"<div class=""short-description"">\n<div class=""std"">חד קרן מתנפח בצבע לבן בשילוב שקוף גליטר. מושלם למסיבות בריכה, מסיבות קיץ, מסיבות רווקות ועוד. גודל החד קרן: 90 ס""מ.</div>\n</div>\n<div class=""product-info"">\n<div></div>\n</div>",,,taxable,,1,,,0,0,,,,,1,,,12.9,ימי הולדת בנים,,,"https://celebrationbyorel.com/wp-content/uploads/2019/08/flamingo-shaped-swimming-pool-2.jpg, https://celebrationbyorel.com/wp-content/uploads/2019/08/flamingo-shaped-swimming-pool-2-1.jpg",,,,,,,,,7,"{""total"":24,""to_translate"":{""en"":24}}",1,1
296,,,כוסות קרטון מיניון קטן,1,0,visible,,"<div class=""short-description"">\n<div class=""std"">בריכה מתנפחת בצורת פלמינגו ורוד, שהילדים לא יצאו ממנה כך הקיץ! קוטר הבריכה: 150 ס""מ.</div>\n</div>\n<div class=""product-info"">\n<div></div>\n</div>",,,taxable,,1,,,0,0,,,,,1,,,12.9,ימי הולדת בנים,,,"https://celebrationbyorel.com/wp-content/uploads/2019/08/flamingo-shaped-swimming-pool-2.jpg, https://celebrationbyorel.com/wp-content/uploads/2019/08/flamingo-shaped-swimming-pool-2-1.jpg",,,,,,,,,8,"{""total"":24,""to_translate"":{""en"":24}}",1,1
296,,,כוסות פלסטיק מיניון,1,0,visible,,"<div class=""short-description"">\n<div class=""std"">חד קרן מתנפח בצבע לבן בשילוב שקוף גליטר. מושלם למסיבות בריכה, מסיבות קיץ, מסיבות רווקות ועוד. גודל החד קרן: 90 ס""מ.</div>\n</div>\n<div class=""product-info"">\n<div></div>\n</div>",,,taxable,,1,,,0,0,,,,,1,,,9.9,ימי הולדת בנים,,,"https://celebrationbyorel.com/wp-content/uploads/2019/08/flamingo-shaped-swimming-pool-2.jpg, https://celebrationbyorel.com/wp-content/uploads/2019/08/flamingo-shaped-swimming-pool-2-1.jpg",,,,,,,,,9,"{""total"":24,""to_translate"":{""en"":24}}",1,1
296,,,דלי פופקורן גדול פלסטיק,1,0,visible,,"<div class=""short-description"">\n<div class=""std"">בריכה מתנפחת בצורת פלמינגו ורוד, שהילדים לא יצאו ממנה כך הקיץ! קוטר הבריכה: 150 ס""מ.</div>\n</div>\n<div class=""product-info"">\n<div></div>\n</div>",,,taxable,,1,,,0,0,,,,,1,,,15,ימי הולדת בנים,,,"https://celebrationbyorel.com/wp-content/uploads/2019/08/flamingo-shaped-swimming-pool-2.jpg, https://celebrationbyorel.com/wp-content/uploads/2019/08/flamingo-shaped-swimming-pool-2-1.jpg",,,,,,,,,10,"{""total"":24,""to_translate"":{""en"":24}}",1,1
296,,,דלי פופקורן בינוני ,1,0,visible,,"<div class=""short-description"">\n<div class=""std"">חד קרן מתנפח בצבע לבן בשילוב שקוף גליטר. מושלם למסיבות בריכה, מסיבות קיץ, מסיבות רווקות ועוד. גודל החד קרן: 90 ס""מ.</div>\n</div>\n<div class=""product-info"">\n<div></div>\n</div>",,,taxable,,1,,,0,0,,,,,1,,,12,ימי הולדת בנים,,,"https://celebrationbyorel.com/wp-content/uploads/2019/08/flamingo-shaped-swimming-pool-2.jpg, https://celebrationbyorel.com/wp-content/uploads/2019/08/flamingo-shaped-swimming-pool-2-1.jpg",,,,,,,,,11,"{""total"":24,""to_translate"":{""en"":24}}",1,1
296,,,צלחות חד קרן לבן זהב מסביב ,1,0,visible,,"<div class=""short-description"">\n<div class=""std"">בריכה מתנפחת בצורת פלמינגו ורוד, שהילדים לא יצאו ממנה כך הקיץ! קוטר הבריכה: 150 ס""מ.</div>\n</div>\n<div class=""product-info"">\n<div></div>\n</div>",,,taxable,,1,,,0,0,,,,,1,,,13.9,ימי הולדת בנים,,,"https://celebrationbyorel.com/wp-content/uploads/2019/08/flamingo-shaped-swimming-pool-2.jpg, https://celebrationbyorel.com/wp-content/uploads/2019/08/flamingo-shaped-swimming-pool-2-1.jpg",,,,,,,,,12,"{""total"":24,""to_translate"":{""en"":24}}",1,1
296,,,מפיות חד קרן לבן זהב מסביב ,1,0,visible,,"<div class=""short-description"">\n<div class=""std"">חד קרן מתנפח בצבע לבן בשילוב שקוף גליטר. מושלם למסיבות בריכה, מסיבות קיץ, מסיבות רווקות ועוד. גודל החד קרן: 90 ס""מ.</div>\n</div>\n<div class=""product-info"">\n<div></div>\n</div>",,,taxable,,1,,,0,0,,,,,1,,,13.9,ימי הולדת בנים,,,"https://celebrationbyorel.com/wp-content/uploads/2019/08/flamingo-shaped-swimming-pool-2.jpg, https://celebrationbyorel.com/wp-content/uploads/2019/08/flamingo-shaped-swimming-pool-2-1.jpg",,,,,,,,,13,"{""total"":24,""to_translate"":{""en"":24}}",1,1
296,,,מפיות מטבע זהב חד קרן ,1,0,visible,,"<div class=""short-description"">\n<div class=""std"">בריכה מתנפחת בצורת פלמינגו ורוד, שהילדים לא יצאו ממנה כך הקיץ! קוטר הבריכה: 150 ס""מ.</div>\n</div>\n<div class=""product-info"">\n<div></div>\n</div>",,,taxable,,1,,,0,0,,,,,1,,,16.9,ימי הולדת בנים,,,"https://celebrationbyorel.com/wp-content/uploads/2019/08/flamingo-shaped-swimming-pool-2.jpg, https://celebrationbyorel.com/wp-content/uploads/2019/08/flamingo-shaped-swimming-pool-2-1.jpg",,,,,,,,,14,"{""total"":24,""to_translate"":{""en"":24}}",1,1
296,,,מפיות חד קרן ריסים,1,0,visible,,"<div class=""short-description"">\n<div class=""std"">חד קרן מתנפח בצבע לבן בשילוב שקוף גליטר. מושלם למסיבות בריכה, מסיבות קיץ, מסיבות רווקות ועוד. גודל החד קרן: 90 ס""מ.</div>\n</div>\n<div class=""product-info"">\n<div></div>\n</div>",,,taxable,,1,,,0,0,,,,,1,,,9.9,ימי הולדת בנים,,,"https://celebrationbyorel.com/wp-content/uploads/2019/08/flamingo-shaped-swimming-pool-2.jpg, https://celebrationbyorel.com/wp-content/uploads/2019/08/flamingo-shaped-swimming-pool-2-1.jpg",,,,,,,,,15,"{""total"":24,""to_translate"":{""en"":24}}",1,1
296,,,כוסות חד קרן ריסים (קרטון),1,0,visible,,"<div class=""short-description"">\n<div class=""std"">בריכה מתנפחת בצורת פלמינגו ורוד, שהילדים לא יצאו ממנה כך הקיץ! קוטר הבריכה: 150 ס""מ.</div>\n</div>\n<div class=""product-info"">\n<div></div>\n</div>",,,taxable,,1,,,0,0,,,,,1,,,8.9,ימי הולדת בנים,,,"https://celebrationbyorel.com/wp-content/uploads/2019/08/flamingo-shaped-swimming-pool-2.jpg, https://celebrationbyorel.com/wp-content/uploads/2019/08/flamingo-shaped-swimming-pool-2-1.jpg",,,,,,,,,16,"{""total"":24,""to_translate"":{""en"":24}}",1,1
296,,,מנשפים חד קרן זהב,1,0,visible,,"<div class=""short-description"">\n<div class=""std"">חד קרן מתנפח בצבע לבן בשילוב שקוף גליטר. מושלם למסיבות בריכה, מסיבות קיץ, מסיבות רווקות ועוד. גודל החד קרן: 90 ס""מ.</div>\n</div>\n<div class=""product-info"">\n<div></div>\n</div>",,,taxable,,1,,,0,0,,,,,1,,,14.9,ימי הולדת בנים,,,"https://celebrationbyorel.com/wp-content/uploads/2019/08/flamingo-shaped-swimming-pool-2.jpg, https://celebrationbyorel.com/wp-content/uploads/2019/08/flamingo-shaped-swimming-pool-2-1.jpg",,,,,,,,,17,"{""total"":24,""to_translate"":{""en"":24}}",1,1
296,,,מנשפים חד קרן כסף,1,0,visible,,"<div class=""short-description"">\n<div class=""std"">בריכה מתנפחת בצורת פלמינגו ורוד, שהילדים לא יצאו ממנה כך הקיץ! קוטר הבריכה: 150 ס""מ.</div>\n</div>\n<div class=""product-info"">\n<div></div>\n</div>",,,taxable,,1,,,0,0,,,,,1,,,10,ימי הולדת בנים,,,"https://celebrationbyorel.com/wp-content/uploads/2019/08/flamingo-shaped-swimming-pool-2.jpg, https://celebrationbyorel.com/wp-content/uploads/2019/08/flamingo-shaped-swimming-pool-2-1.jpg",,,,,,,,,18,"{""total"":24,""to_translate"":{""en"":24}}",1,1
296,,,פלייסמיט חד קרן מוטבע זהב ,1,0,visible,,"<div class=""short-description"">\n<div class=""std"">חד קרן מתנפח בצבע לבן בשילוב שקוף גליטר. מושלם למסיבות בריכה, מסיבות קיץ, מסיבות רווקות ועוד. גודל החד קרן: 90 ס""מ.</div>\n</div>\n<div class=""product-info"">\n<div></div>\n</div>",,,taxable,,1,,,0,0,,,,,1,,,19,ימי הולדת בנים,,,"https://celebrationbyorel.com/wp-content/uploads/2019/08/flamingo-shaped-swimming-pool-2.jpg, https://celebrationbyorel.com/wp-content/uploads/2019/08/flamingo-shaped-swimming-pool-2-1.jpg",,,,,,,,,19,"{""total"":24,""to_translate"":{""en"":24}}",1,1
296,,,צלחות קרטון ורוד חד קרן ,1,0,visible,,"<div class=""short-description"">\n<div class=""std"">בריכה מתנפחת בצורת פלמינגו ורוד, שהילדים לא יצאו ממנה כך הקיץ! קוטר הבריכה: 150 ס""מ.</div>\n</div>\n<div class=""product-info"">\n<div></div>\n</div>",,,taxable,,1,,,0,0,,,,,1,,,10.9,ימי הולדת בנים,,,"https://celebrationbyorel.com/wp-content/uploads/2019/08/flamingo-shaped-swimming-pool-2.jpg, https://celebrationbyorel.com/wp-content/uploads/2019/08/flamingo-shaped-swimming-pool-2-1.jpg",,,,,,,,,20,"{""total"":24,""to_translate"":{""en"":24}}",1,1
296,,,קופסאות קרטון חד קרן מוטבע זהב כוכבים זהב ,1,0,visible,,"<div class=""short-description"">\n<div class=""std"">חד קרן מתנפח בצבע לבן בשילוב שקוף גליטר. מושלם למסיבות בריכה, מסיבות קיץ, מסיבות רווקות ועוד. גודל החד קרן: 90 ס""מ.</div>\n</div>\n<div class=""product-info"">\n<div></div>\n</div>",,,taxable,,1,,,0,0,,,,,1,,,11.9,ימי הולדת בנים,,,"https://celebrationbyorel.com/wp-content/uploads/2019/08/flamingo-shaped-swimming-pool-2.jpg, https://celebrationbyorel.com/wp-content/uploads/2019/08/flamingo-shaped-swimming-pool-2-1.jpg",,,,,,,,,21,"{""total"":24,""to_translate"":{""en"":24}}",1,1
296,,,קופסאות קרטון חד קרן מוטבע זהב כוכבים צבעוני ,1,0,visible,,"<div class=""short-description"">\n<div class=""std"">בריכה מתנפחת בצורת פלמינגו ורוד, שהילדים לא יצאו ממנה כך הקיץ! קוטר הבריכה: 150 ס""מ.</div>\n</div>\n<div class=""product-info"">\n<div></div>\n</div>",,,taxable,,1,,,0,0,,,,,1,,,15.9,ימי הולדת בנים,,,"https://celebrationbyorel.com/wp-content/uploads/2019/08/flamingo-shaped-swimming-pool-2.jpg, https://celebrationbyorel.com/wp-content/uploads/2019/08/flamingo-shaped-swimming-pool-2-1.jpg",,,,,,,,,22,"{""total"":24,""to_translate"":{""en"":24}}",1,1
296,,,קופסאת פופקורן גדול חד קרן ,1,0,visible,,"<div class=""short-description"">\n<div class=""std"">חד קרן מתנפח בצבע לבן בשילוב שקוף גליטר. מושלם למסיבות בריכה, מסיבות קיץ, מסיבות רווקות ועוד. גודל החד קרן: 90 ס""מ.</div>\n</div>\n<div class=""product-info"">\n<div></div>\n</div>",,,taxable,,1,,,0,0,,,,,1,,,5.9,ימי הולדת בנים,,,"https://celebrationbyorel.com/wp-content/uploads/2019/08/flamingo-shaped-swimming-pool-2.jpg, https://celebrationbyorel.com/wp-content/uploads/2019/08/flamingo-shaped-swimming-pool-2-1.jpg",,,,,,,,,23,"{""total"":24,""to_translate"":{""en"":24}}",1,1
296,,,דגלים חד קרן מטבע ,1,0,visible,,"<div class=""short-description"">\n<div class=""std"">בריכה מתנפחת בצורת פלמינגו ורוד, שהילדים לא יצאו ממנה כך הקיץ! קוטר הבריכה: 150 ס""מ.</div>\n</div>\n<div class=""product-info"">\n<div></div>\n</div>",,,taxable,,1,,,0,0,,,,,1,,,19.9,ימי הולדת בנים,,,"https://celebrationbyorel.com/wp-content/uploads/2019/08/flamingo-shaped-swimming-pool-2.jpg, https://celebrationbyorel.com/wp-content/uploads/2019/08/flamingo-shaped-swimming-pool-2-1.jpg",,,,,,,,,24,"{""total"":24,""to_translate"":{""en"":24}}",1,1
